customer_id,risk_level,churn_risk_score,inactivity_days,failed_payments,support_ticket_count,avg_monthly_spend
ae500d47-7d55-4045-aebb-8c505eb4c9cb,HIGH RISK,100.00,17,5,2,89.96
8ab1ac9e-0b25-4f01-907c-bca2c52dee43,HIGH RISK,100.00,51,5,8,78.72
757e7620-60ff-44c4-8e1f-b768c01b7620,HIGH RISK,100.00,28,1,8,90.14
f9a4c2ee-8435-4367-9f7f-bcb408b097a3,HIGH RISK,100.00,4,2,8,147.48
b058b8e9-c05c-4e5d-bb07-9d9283ca7128,HIGH RISK,100.00,25,1,8,97.70
134d5423-79ad-4731-8f70-3e0e9357d1a8,HIGH RISK,100.00,32,5,2,86.00
7a2d0048-8e8d-463e-ac7d-1ae6caf8e8d7,HIGH RISK,100.00,42,5,2,95.80
7f7dbe1b-b67d-4b77-a51f-5d3c36c7c549,HIGH RISK,100.00,6,3,8,145.51
07b2f39d-8ad0-4a89-a2a3-fcb61c8cafc6,HIGH RISK,100.00,35,5,2,97.30
a2f59b7d-0034-4d47-b43e-7c4c123e44d7,HIGH RISK,100.00,25,2,8,78.56
cede7fd8-478d-43dc-b495-e6d17462fd0a,HIGH RISK,100.00,11,4,8,102.27
a44b8743-4746-405b-a073-c1ccd5386630,HIGH RISK,100.00,15,4,8,74.50
bdc2a7c5-9888-4257-8e32-320960e0e7dc,HIGH RISK,100.00,28,1,8,51.52
7290c0b6-fa07-4897-b39d-c8b025b70e8e,HIGH RISK,100.00,35,5,2,66.87
869dbb25-7fb5-4e6b-aa74-5f4162396a58,HIGH RISK,100.00,32,5,2,60.17
1953717b-64c1-4c0d-82b8-79f4c8c17b61,HIGH RISK,100.00,20,1,8,63.23
6fc01126-1149-499e-97ae-bf060b62deb9,HIGH RISK,100.00,42,1,8,92.93
3165863b-9119-4957-a70e-55cd8724d599,HIGH RISK,100.00,34,6,2,107.97
0a870a0c-dbde-4dfd-bf71-ff6738e945a6,HIGH RISK,100.00,22,1,8,75.46
f4803fd6-5fe5-4072-93cf-0f8a3c9c41e6,HIGH RISK,100.00,21,6,2,106.09
9314c94b-2e0b-4e8f-8afd-3dbc3250896e,HIGH RISK,100.00,15,1,8,101.92
0a7e724e-9028-45b7-8af7-3edd86b28779,HIGH RISK,100.00,7,2,8,112.78
31fbaf9d-ed72-45ff-ae23-8740dccc79c6,HIGH RISK,100.00,9,5,8,77.82
1c5543fc-e550-458f-84f5-2fbdf4fdfc0f,HIGH RISK,100.00,25,1,8,132.20
4e9ab618-4f0d-4d5a-b73f-10ce2920f4a8,HIGH RISK,100.00,20,1,8,114.91
abb48989-643c-4f08-b578-b956803e29d2,HIGH RISK,100.00,20,5,2,62.78
65b7a3a4-e1c5-4f46-ad11-784598f54068,HIGH RISK,100.00,20,5,2,76.99
0e072767-def6-46f9-851f-0680035ef54c,HIGH RISK,100.00,14,4,8,87.98
0f94fb4b-7364-4f0e-8a5b-b75f940c1727,HIGH RISK,100.00,22,1,8,86.69
e272dcb8-c919-4ecc-87e4-27c92fa82a09,HIGH RISK,99.90,14,1,8,97.97
ff9b1475-9bcf-4589-a543-1cfc34461557,HIGH RISK,99.55,13,1,8,86.21
0ddbf209-16e9-44e8-aea7-33200c2efb46,HIGH RISK,99.55,13,1,8,117.58
b8dbc6d8-e006-420c-b650-b085062e32a0,HIGH RISK,99.20,12,1,8,88.13
2984375f-4789-4406-90e3-2806aa7e4684,HIGH RISK,99.20,12,5,2,115.33
2e26c7f1-41d2-4ad1-aeeb-9c2dfb8e170a,HIGH RISK,98.85,11,1,8,100.90
08548340-92eb-4228-b93b-da348ef2007b,HIGH RISK,98.85,11,1,8,120.40
dec82419-54fb-4d38-bbd9-c945be2df53d,HIGH RISK,98.85,11,5,2,86.03
0cb270fa-2154-42c6-aeb8-1704fc625385,HIGH RISK,98.50,10,5,2,62.47
3ce3ded0-f3fb-44d4-9d09-7607437d4eb6,HIGH RISK,98.50,10,5,2,75.17
cd472b5d-8ba2-454c-8cf4-302c20f48f15,HIGH RISK,98.15,9,5,2,65.55
49cdbd72-da5c-4efb-8960-d298270481dd,HIGH RISK,97.80,8,5,2,62.50
9fef9afb-ec06-4c75-9ab7-5d9b7e8a6579,HIGH RISK,97.80,8,5,2,76.75
030c825c-7f19-4f4b-a77b-c12ef9132d12,HIGH RISK,97.10,6,5,2,99.42
b4248932-f365-4285-bad9-f7448cf74120,HIGH RISK,97.10,6,5,2,84.65
499b4999-7efb-4cb4-8cf4-3b83145c7c92,HIGH RISK,97.10,6,5,2,102.00
f2bc28fa-e192-410d-bee4-480fe508785e,HIGH RISK,97.10,6,5,2,91.36
52d1f212-d7f0-47a7-b189-28e8271a9654,HIGH RISK,96.75,5,5,2,68.78
45ad4fb3-d1f0-4861-9358-904c4dcd9d1b,HIGH RISK,96.75,5,5,2,73.54
ad91e29d-df4e-4723-8fe2-214a299ad29f,HIGH RISK,96.75,5,5,2,59.43
c1775d01-48b7-465e-90ed-02d362f9e79b,HIGH RISK,96.75,5,5,2,80.70
193d0cd2-836f-427b-9bc8-c3cb3ce40f04,HIGH RISK,96.75,5,1,8,70.36
b7053923-7780-417e-a46f-eb062638ea3b,HIGH RISK,94.70,42,4,2,64.84
15699111-1a1f-4978-91e3-3daf2661174d,HIGH RISK,94.35,41,4,2,123.34
44b9ffba-ae55-4e9b-bab3-d0929b8ef104,HIGH RISK,92.60,36,0,8,118.16
5382140d-5cc9-4744-92fb-01440634b364,HIGH RISK,92.60,36,4,2,83.32
59d5e3b0-29b7-46c0-befb-40bbe99f31a3,HIGH RISK,92.60,36,4,2,100.30
a10b9f67-51b9-4dc7-94d8-212dd835105d,HIGH RISK,90.85,31,4,2,85.36
97759d69-2586-45dd-bf6f-bc4ab8d3880a,HIGH RISK,89.80,28,0,8,119.41
57060be0-aeca-46f3-89ba-155348fcad86,HIGH RISK,89.80,28,0,8,98.76
ec870b4a-9a15-42d9-8eda-e7e758975969,HIGH RISK,89.80,28,4,2,74.00
64d49170-b7f3-441c-85da-b775078733cf,HIGH RISK,89.45,27,0,8,107.73
68df4323-f2cf-44cb-8d54-9b9da2b0703a,HIGH RISK,88.75,25,0,8,106.95
cc55a654-5e39-4eaf-ad79-0ef59d9a2829,HIGH RISK,88.05,23,4,2,94.45
ddfb8926-4471-4bec-849c-7d0405b5b57b,HIGH RISK,87.70,22,0,8,115.34
b5c3f008-0b7f-4e58-8dd9-09197b463ca7,HIGH RISK,87.70,22,4,2,54.10
be8b9de4-f8e7-4e0f-aeee-c3dff605455d,HIGH RISK,87.70,22,4,2,76.14
96b3f12f-6b05-4fab-a5bd-6f32619af139,HIGH RISK,87.35,21,4,2,89.60
6f283187-f92e-48d1-abb9-ef049a82eb99,HIGH RISK,87.35,21,4,2,69.29
cd73c98b-7027-4c7d-ae63-e7c4b9572104,HIGH RISK,87.00,20,0,8,76.54
125a1dc3-1123-40e8-a43e-40f638716851,HIGH RISK,86.65,19,4,2,87.67
785452c4-c33a-48aa-9d5d-9af110d74106,HIGH RISK,86.30,18,0,8,132.17
de9a94e2-a318-4041-ab6e-7b5afc33797a,HIGH RISK,86.30,18,4,2,103.77
fa52ce62-3e31-4042-86bf-e71f13839100,HIGH RISK,85.95,17,4,2,89.35
7424f88c-f8b5-4ef7-9ca3-7625b2541e7d,HIGH RISK,85.95,17,0,8,75.36
87bacaac-2cf3-4a55-b69e-c014b38e8945,HIGH RISK,85.95,17,4,2,86.61
e093c2a3-beb9-4fa5-910f-d93a2513cfdb,HIGH RISK,85.25,15,4,2,74.63
cb2cff98-48d3-4e19-b231-c2d21433e190,HIGH RISK,84.55,13,4,2,76.93
493bd056-ad78-4ee3-9a75-6252322dee2b,HIGH RISK,84.20,12,0,8,118.59
e18a9698-ccdd-4e4c-9d3f-bd29ea2dc0e1,HIGH RISK,84.20,12,4,2,77.00
3717ab1d-1efb-4271-ab2f-6dbdd127d0e8,HIGH RISK,84.20,12,4,2,84.81
941c0a11-d6e5-4c9d-a9fa-df794b010087,HIGH RISK,84.20,12,4,2,72.60
651b0bd9-74b8-4471-b090-8a13d5d584f6,HIGH RISK,83.85,11,0,8,92.62
44cbcdfd-129e-41e8-b829-231afd2b3a3c,HIGH RISK,83.85,11,4,2,67.57
f6258855-f6b4-44b9-8ef4-6aba7a0772c2,HIGH RISK,83.15,9,0,8,111.48
f0ed0555-1529-491f-96ad-0573be35e72a,HIGH RISK,83.15,9,0,8,155.94
5578502e-ef9c-4fb5-96ff-fc34cb4d1c6d,HIGH RISK,83.15,9,0,8,100.30
fc087d2d-7f63-4b97-b711-171f6fcd4f24,HIGH RISK,82.45,7,4,2,68.11
3e457753-1316-47aa-adb6-720023836e3f,HIGH RISK,82.45,7,4,2,75.38
e1e11b3f-11b3-4f7f-b7c3-0ea060244e6a,HIGH RISK,82.45,7,4,2,98.88
758f1190-c236-4e7c-820f-ec35890e50f8,HIGH RISK,82.45,7,0,8,117.10
b55912ca-cc68-473a-a182-eebc8c9f58c2,HIGH RISK,82.45,7,4,2,122.23
bd316c87-195f-4fff-981f-63e96b5fe0aa,HIGH RISK,82.10,6,4,2,71.83
28073b76-603b-42d5-97ac-25837d56a0c3,HIGH RISK,82.10,6,4,2,88.94
021d7cac-4b6c-47a5-9c4d-48090a2f71bb,HIGH RISK,82.10,6,0,8,116.23
8573e70b-5c95-43e7-82ef-c0a6637b6bcd,HIGH RISK,82.10,6,0,8,127.04
15ee9095-1082-4fe7-9a02-e969d479675b,HIGH RISK,82.10,6,0,8,87.39
aea83fcf-1291-471e-a628-12b119268bad,HIGH RISK,82.10,6,4,2,77.62
327543b6-d227-4c2d-a1a5-ba6dde0b5c42,HIGH RISK,81.75,5,4,2,79.41
d3159c7b-8a47-4232-b8c1-7e202e4bb8b1,HIGH RISK,81.75,5,4,2,75.52
3df2e0bf-abb7-4fb5-a55b-5840d4da3170,HIGH RISK,81.75,5,0,8,78.17
e5c4543f-902b-4a1f-a14d-e14e01b5dcbc,HIGH RISK,81.40,4,4,2,87.31
a95732e8-33ee-481e-baa6-bca06761ee49,HIGH RISK,81.40,4,4,2,104.30
05d1c077-b91a-484a-85f4-79aa6ecdc865,HIGH RISK,81.40,4,4,2,96.37
bf9afde6-1a13-4dac-b059-43992a94cae9,MEDIUM RISK,77.25,35,3,2,67.20
c50c6cc8-2a69-49a1-ae63-253992ce0dd0,MEDIUM RISK,72.70,22,3,2,110.92
1063e03d-fb20-4629-b160-d9297f4fdea6,MEDIUM RISK,70.30,58,2,2,46.52
1d4dcc3c-1772-4fa3-ba36-2816045e7d70,MEDIUM RISK,69.90,14,3,2,105.59
437ab4d4-e5d8-4318-b088-7b826af935a5,MEDIUM RISK,67.10,6,3,2,119.90
ce17ac46-e741-4925-b1ad-4fb08c7aa870,MEDIUM RISK,65.40,44,2,2,113.02
d3a3834b-2bdc-4640-8854-2a8527002e1d,MEDIUM RISK,64.70,42,2,2,90.68
941e1dbe-254a-4215-9a7a-b4c0a06ce60c,MEDIUM RISK,62.60,36,2,2,80.66
d174d88d-685a-4086-854d-9a4ba5f0ff9f,MEDIUM RISK,62.25,35,2,2,117.47
802a68e6-336b-4646-94c4-961968ed0e16,MEDIUM RISK,62.25,35,2,2,119.10
7bbd9f3f-46a0-4d4f-8f68-50518de6b3ac,MEDIUM RISK,61.60,76,1,2,122.92
85d8c6d1-165c-4d03-b41c-371317708540,MEDIUM RISK,61.55,33,2,2,54.09
844a9c4c-d822-48f7-9026-aa034547cfa9,MEDIUM RISK,60.85,31,2,2,130.87
89bae609-5eb2-4c84-999d-6059c6003cbd,MEDIUM RISK,60.50,30,2,2,149.50
8aa4cdf1-a9a4-449e-a357-fe9d9cb81362,MEDIUM RISK,60.15,29,2,2,97.61
9338c297-a912-42ed-baf8-42568b14801c,MEDIUM RISK,58.75,25,2,2,92.82
2e31ef22-98f3-48cd-9f7d-46758d0e7072,MEDIUM RISK,58.05,23,2,2,119.05
e3846696-9515-4914-9951-35eeb60c35b9,MEDIUM RISK,57.75,65,1,2,110.12
da4cc69d-cf04-4c93-bfb3-3bdc94cf897b,MEDIUM RISK,57.70,22,2,2,105.84
d043c284-45a6-4839-9b45-7f6025742c23,MEDIUM RISK,57.70,22,2,2,109.96
283c3c61-2079-4d8e-81ea-592f137c1deb,MEDIUM RISK,57.70,22,2,2,129.57
4dabdb86-c51e-4b3e-bcc4-013bfbee2b16,MEDIUM RISK,57.35,21,2,2,162.78
a41c27c6-47f6-4cd0-a447-55e016709cef,MEDIUM RISK,56.65,19,2,2,130.50
c7d168e6-f9fa-4237-9081-24c965f384ff,MEDIUM RISK,56.30,18,2,2,121.33
d3a956e1-244f-49ac-88cf-8f6b11d537e2,MEDIUM RISK,55.95,17,2,2,65.29
ac795fd1-1250-42f8-8cb6-2e23c229c0a5,MEDIUM RISK,55.60,16,2,2,130.96
3636fe3c-6f3c-4225-826f-ed9141d84852,MEDIUM RISK,55.25,15,2,2,128.53
137a4a17-4d40-4514-a7c8-66bcd8618918,MEDIUM RISK,55.25,15,2,2,102.97
14e1a26e-2be5-4a0d-b373-1a206d622d28,MEDIUM RISK,54.90,14,2,2,77.31
f17ff339-506b-46dd-ad1d-a460a746ba7a,MEDIUM RISK,54.90,14,2,2,82.90
f474a847-dd0f-4252-98f1-8f0943f8ed85,MEDIUM RISK,54.55,13,2,2,127.50
2dabbbe8-73f2-4dd7-8113-6cee26e63a08,MEDIUM RISK,54.20,12,2,2,94.08
a1de33b0-1ebd-4500-bc6c-d1ba8ff376f2,MEDIUM RISK,53.85,11,2,2,89.78
86ca109d-d995-4f4d-9211-5bfa8ee59899,MEDIUM RISK,53.85,11,2,2,139.73
7d52e66d-50f7-4373-8cbd-7474ba214dd9,MEDIUM RISK,53.85,11,2,2,115.40
9408acd7-11f9-45aa-a216-d74de1ae9ecc,MEDIUM RISK,53.20,52,1,2,143.75
a003e041-10ab-41db-8452-8cdf9f269fd9,MEDIUM RISK,53.15,9,2,2,121.38
3e5d1a18-4293-44c3-af78-5bfd17c8d075,MEDIUM RISK,52.85,51,1,2,105.47
efc112a6-55b9-4baf-9f1c-d9e4ef06f65b,MEDIUM RISK,52.80,8,2,2,118.32
9ce3ae73-a721-4b2c-b505-eacc74a088ea,MEDIUM RISK,52.80,8,2,2,115.23
d106c7a8-b5d9-4c2f-b07e-5a8c9f38bb2c,MEDIUM RISK,52.80,8,2,2,114.19
e25fcb8c-5961-4bcc-a663-d927bc39e02a,MEDIUM RISK,52.80,8,2,2,127.93
7d8a0376-2b18-48ad-87a0-632b61d161ae,MEDIUM RISK,52.50,50,1,2,112.84
10320ecd-c28b-4221-a771-f12bd0b0c407,MEDIUM RISK,52.45,7,2,2,127.57
62607773-54ef-4c1f-8ec0-98ca284d8c67,MEDIUM RISK,52.15,49,1,2,98.06
1cea918f-f9c5-4b43-b48e-84af577e71bb,MEDIUM RISK,52.10,6,2,2,74.66
e9b5101b-78d5-442e-b063-000cb7483998,MEDIUM RISK,52.10,6,2,2,90.97
53fcaa9e-43e3-4571-a724-d71f6d7e51f6,MEDIUM RISK,52.10,6,2,2,110.47
8ae01491-cc05-428e-8b2a-fb7e9567bbdf,MEDIUM RISK,52.10,6,2,2,91.28
a0e21c67-3168-42b6-b226-cc792ea4a882,MEDIUM RISK,51.75,5,2,2,156.64
27e1858a-7884-4a0d-8d3e-75513e96729c,MEDIUM RISK,51.45,47,1,2,161.74
6aec6dbf-8ea8-4775-b48c-d9224fe21b03,MEDIUM RISK,50.75,45,1,2,66.65
