intervention_id,customer_id,intervention_type,intervention_priority,intervention_status,created_at
155,cc55a654-5e39-4eaf-ad79-0ef59d9a2829,PAYMENT RETRY CAMPAIGN,CRITICAL,PENDING,2026-09-30 01:20:32.168936
2,68df4323-f2cf-44cb-8d54-9b9da2b0703a,PRIORITY SUPPORT ESCALATION,CRITICAL,PENDING,2026-09-30 01:20:32.168936
83,193d0cd2-836f-427b-9bc8-c3cb3ce40f04,PRIORITY SUPPORT ESCALATION,CRITICAL,PENDING,2026-09-30 01:20:32.168936
84,869dbb25-7fb5-4e6b-aa74-5f4162396a58,PAYMENT RETRY CAMPAIGN,CRITICAL,PENDING,2026-09-30 01:20:32.168936
86,0a7e724e-9028-45b7-8af7-3edd86b28779,PAYMENT RETRY CAMPAIGN,CRITICAL,PENDING,2026-09-30 01:20:32.168936
87,31fbaf9d-ed72-45ff-ae23-8740dccc79c6,PAYMENT RETRY CAMPAIGN,CRITICAL,PENDING,2026-09-30 01:20:32.168936
88,2984375f-4789-4406-90e3-2806aa7e4684,PAYMENT RETRY CAMPAIGN,CRITICAL,PENDING,2026-09-30 01:20:32.168936
89,0cb270fa-2154-42c6-aeb8-1704fc625385,PAYMENT RETRY CAMPAIGN,CRITICAL,PENDING,2026-09-30 01:20:32.168936
90,ae500d47-7d55-4045-aebb-8c505eb4c9cb,PAYMENT RETRY CAMPAIGN,CRITICAL,PENDING,2026-09-30 01:20:32.168936
91,57060be0-aeca-46f3-89ba-155348fcad86,PRIORITY SUPPORT ESCALATION,CRITICAL,PENDING,2026-09-30 01:20:32.168936
93,1c5543fc-e550-458f-84f5-2fbdf4fdfc0f,PRIORITY SUPPORT ESCALATION,CRITICAL,PENDING,2026-09-30 01:20:32.168936
95,cede7fd8-478d-43dc-b495-e6d17462fd0a,PAYMENT RETRY CAMPAIGN,CRITICAL,PENDING,2026-09-30 01:20:32.168936
96,e093c2a3-beb9-4fa5-910f-d93a2513cfdb,PAYMENT RETRY CAMPAIGN,CRITICAL,PENDING,2026-09-30 01:20:32.168936
98,15ee9095-1082-4fe7-9a02-e969d479675b,PRIORITY SUPPORT ESCALATION,CRITICAL,PENDING,2026-09-30 01:20:32.168936
99,cd472b5d-8ba2-454c-8cf4-302c20f48f15,PAYMENT RETRY CAMPAIGN,CRITICAL,PENDING,2026-09-30 01:20:32.168936
103,cd73c98b-7027-4c7d-ae63-e7c4b9572104,PRIORITY SUPPORT ESCALATION,CRITICAL,PENDING,2026-09-30 01:20:32.168936
104,fc087d2d-7f63-4b97-b711-171f6fcd4f24,PAYMENT RETRY CAMPAIGN,CRITICAL,PENDING,2026-09-30 01:20:32.168936
106,dec82419-54fb-4d38-bbd9-c945be2df53d,PAYMENT RETRY CAMPAIGN,CRITICAL,PENDING,2026-09-30 01:20:32.168936
107,327543b6-d227-4c2d-a1a5-ba6dde0b5c42,PAYMENT RETRY CAMPAIGN,CRITICAL,PENDING,2026-09-30 01:20:32.168936
108,07b2f39d-8ad0-4a89-a2a3-fcb61c8cafc6,PAYMENT RETRY CAMPAIGN,CRITICAL,PENDING,2026-09-30 01:20:32.168936
109,0e072767-def6-46f9-851f-0680035ef54c,PAYMENT RETRY CAMPAIGN,CRITICAL,PENDING,2026-09-30 01:20:32.168936
110,b058b8e9-c05c-4e5d-bb07-9d9283ca7128,PRIORITY SUPPORT ESCALATION,CRITICAL,PENDING,2026-09-30 01:20:32.168936
111,757e7620-60ff-44c4-8e1f-b768c01b7620,PRIORITY SUPPORT ESCALATION,CRITICAL,PENDING,2026-09-30 01:20:32.168936
112,4e9ab618-4f0d-4d5a-b73f-10ce2920f4a8,PRIORITY SUPPORT ESCALATION,CRITICAL,PENDING,2026-09-30 01:20:32.168936
113,f0ed0555-1529-491f-96ad-0573be35e72a,PRIORITY SUPPORT ESCALATION,CRITICAL,PENDING,2026-09-30 01:20:32.168936
114,3e457753-1316-47aa-adb6-720023836e3f,PAYMENT RETRY CAMPAIGN,CRITICAL,PENDING,2026-09-30 01:20:32.168936
116,64d49170-b7f3-441c-85da-b775078733cf,PRIORITY SUPPORT ESCALATION,CRITICAL,PENDING,2026-09-30 01:20:32.168936
117,45ad4fb3-d1f0-4861-9358-904c4dcd9d1b,PAYMENT RETRY CAMPAIGN,CRITICAL,PENDING,2026-09-30 01:20:32.168936
118,7290c0b6-fa07-4897-b39d-c8b025b70e8e,PAYMENT RETRY CAMPAIGN,CRITICAL,PENDING,2026-09-30 01:20:32.168936
119,b8dbc6d8-e006-420c-b650-b085062e32a0,PRIORITY SUPPORT ESCALATION,CRITICAL,PENDING,2026-09-30 01:20:32.168936
120,f9a4c2ee-8435-4367-9f7f-bcb408b097a3,PAYMENT RETRY CAMPAIGN,CRITICAL,PENDING,2026-09-30 01:20:32.168936
121,65b7a3a4-e1c5-4f46-ad11-784598f54068,PAYMENT RETRY CAMPAIGN,CRITICAL,PENDING,2026-09-30 01:20:32.168936
122,785452c4-c33a-48aa-9d5d-9af110d74106,PRIORITY SUPPORT ESCALATION,CRITICAL,PENDING,2026-09-30 01:20:32.168936
123,0ddbf209-16e9-44e8-aea7-33200c2efb46,PRIORITY SUPPORT ESCALATION,CRITICAL,PENDING,2026-09-30 01:20:32.168936
125,9fef9afb-ec06-4c75-9ab7-5d9b7e8a6579,PAYMENT RETRY CAMPAIGN,CRITICAL,PENDING,2026-09-30 01:20:32.168936
126,1953717b-64c1-4c0d-82b8-79f4c8c17b61,PRIORITY SUPPORT ESCALATION,CRITICAL,PENDING,2026-09-30 01:20:32.168936
127,3717ab1d-1efb-4271-ab2f-6dbdd127d0e8,PAYMENT RETRY CAMPAIGN,CRITICAL,PENDING,2026-09-30 01:20:32.168936
129,f2bc28fa-e192-410d-bee4-480fe508785e,PAYMENT RETRY CAMPAIGN,CRITICAL,PENDING,2026-09-30 01:20:32.168936
131,5578502e-ef9c-4fb5-96ff-fc34cb4d1c6d,PRIORITY SUPPORT ESCALATION,CRITICAL,PENDING,2026-09-30 01:20:32.168936
134,bdc2a7c5-9888-4257-8e32-320960e0e7dc,PRIORITY SUPPORT ESCALATION,CRITICAL,PENDING,2026-09-30 01:20:32.168936
135,abb48989-643c-4f08-b578-b956803e29d2,PAYMENT RETRY CAMPAIGN,CRITICAL,PENDING,2026-09-30 01:20:32.168936
136,59d5e3b0-29b7-46c0-befb-40bbe99f31a3,PAYMENT RETRY CAMPAIGN,CRITICAL,PENDING,2026-09-30 01:20:32.168936
138,d3159c7b-8a47-4232-b8c1-7e202e4bb8b1,PAYMENT RETRY CAMPAIGN,CRITICAL,PENDING,2026-09-30 01:20:32.168936
140,651b0bd9-74b8-4471-b090-8a13d5d584f6,PRIORITY SUPPORT ESCALATION,CRITICAL,PENDING,2026-09-30 01:20:32.168936
141,030c825c-7f19-4f4b-a77b-c12ef9132d12,PAYMENT RETRY CAMPAIGN,CRITICAL,PENDING,2026-09-30 01:20:32.168936
142,fa52ce62-3e31-4042-86bf-e71f13839100,PAYMENT RETRY CAMPAIGN,CRITICAL,PENDING,2026-09-30 01:20:32.168936
146,bd316c87-195f-4fff-981f-63e96b5fe0aa,PAYMENT RETRY CAMPAIGN,CRITICAL,PENDING,2026-09-30 01:20:32.168936
147,97759d69-2586-45dd-bf6f-bc4ab8d3880a,PRIORITY SUPPORT ESCALATION,CRITICAL,PENDING,2026-09-30 01:20:32.168936
149,87bacaac-2cf3-4a55-b69e-c014b38e8945,PAYMENT RETRY CAMPAIGN,CRITICAL,PENDING,2026-09-30 01:20:32.168936
150,a95732e8-33ee-481e-baa6-bca06761ee49,PAYMENT RETRY CAMPAIGN,CRITICAL,PENDING,2026-09-30 01:20:32.168936
151,05d1c077-b91a-484a-85f4-79aa6ecdc865,PAYMENT RETRY CAMPAIGN,CRITICAL,PENDING,2026-09-30 01:20:32.168936
152,28073b76-603b-42d5-97ac-25837d56a0c3,PAYMENT RETRY CAMPAIGN,CRITICAL,PENDING,2026-09-30 01:20:32.168936
153,e5c4543f-902b-4a1f-a14d-e14e01b5dcbc,PAYMENT RETRY CAMPAIGN,CRITICAL,PENDING,2026-09-30 01:20:32.168936
1,7f7dbe1b-b67d-4b77-a51f-5d3c36c7c549,PAYMENT RETRY CAMPAIGN,CRITICAL,PENDING,2026-09-30 01:20:32.168936
4,f6258855-f6b4-44b9-8ef4-6aba7a0772c2,PRIORITY SUPPORT ESCALATION,CRITICAL,PENDING,2026-09-30 01:20:32.168936
5,3165863b-9119-4957-a70e-55cd8724d599,PAYMENT RETRY CAMPAIGN,CRITICAL,PENDING,2026-09-30 01:20:32.168936
7,0f94fb4b-7364-4f0e-8a5b-b75f940c1727,PRIORITY SUPPORT ESCALATION,CRITICAL,PENDING,2026-09-30 01:20:32.168936
9,134d5423-79ad-4731-8f70-3e0e9357d1a8,PAYMENT RETRY CAMPAIGN,CRITICAL,PENDING,2026-09-30 01:20:32.168936
10,8573e70b-5c95-43e7-82ef-c0a6637b6bcd,PRIORITY SUPPORT ESCALATION,CRITICAL,PENDING,2026-09-30 01:20:32.168936
11,c1775d01-48b7-465e-90ed-02d362f9e79b,PAYMENT RETRY CAMPAIGN,CRITICAL,PENDING,2026-09-30 01:20:32.168936
12,aea83fcf-1291-471e-a628-12b119268bad,PAYMENT RETRY CAMPAIGN,CRITICAL,PENDING,2026-09-30 01:20:32.168936
13,8ab1ac9e-0b25-4f01-907c-bca2c52dee43,PAYMENT RETRY CAMPAIGN,CRITICAL,PENDING,2026-09-30 01:20:32.168936
14,758f1190-c236-4e7c-820f-ec35890e50f8,PRIORITY SUPPORT ESCALATION,CRITICAL,PENDING,2026-09-30 01:20:32.168936
15,3ce3ded0-f3fb-44d4-9d09-7607437d4eb6,PAYMENT RETRY CAMPAIGN,CRITICAL,PENDING,2026-09-30 01:20:32.168936
16,b4248932-f365-4285-bad9-f7448cf74120,PAYMENT RETRY CAMPAIGN,CRITICAL,PENDING,2026-09-30 01:20:32.168936
19,e1e11b3f-11b3-4f7f-b7c3-0ea060244e6a,PAYMENT RETRY CAMPAIGN,CRITICAL,PENDING,2026-09-30 01:20:32.168936
21,52d1f212-d7f0-47a7-b189-28e8271a9654,PAYMENT RETRY CAMPAIGN,CRITICAL,PENDING,2026-09-30 01:20:32.168936
24,9314c94b-2e0b-4e8f-8afd-3dbc3250896e,PRIORITY SUPPORT ESCALATION,CRITICAL,PENDING,2026-09-30 01:20:32.168936
25,a2f59b7d-0034-4d47-b43e-7c4c123e44d7,PAYMENT RETRY CAMPAIGN,CRITICAL,PENDING,2026-09-30 01:20:32.168936
26,6fc01126-1149-499e-97ae-bf060b62deb9,CUSTOMER RE-ENGAGEMENT,CRITICAL,PENDING,2026-09-30 01:20:32.168936
29,7424f88c-f8b5-4ef7-9ca3-7625b2541e7d,PRIORITY SUPPORT ESCALATION,CRITICAL,PENDING,2026-09-30 01:20:32.168936
30,b55912ca-cc68-473a-a182-eebc8c9f58c2,PAYMENT RETRY CAMPAIGN,CRITICAL,PENDING,2026-09-30 01:20:32.168936
32,de9a94e2-a318-4041-ab6e-7b5afc33797a,PAYMENT RETRY CAMPAIGN,CRITICAL,PENDING,2026-09-30 01:20:32.168936
33,3df2e0bf-abb7-4fb5-a55b-5840d4da3170,PRIORITY SUPPORT ESCALATION,CRITICAL,PENDING,2026-09-30 01:20:32.168936
34,e272dcb8-c919-4ecc-87e4-27c92fa82a09,PRIORITY SUPPORT ESCALATION,CRITICAL,PENDING,2026-09-30 01:20:32.168936
35,021d7cac-4b6c-47a5-9c4d-48090a2f71bb,PRIORITY SUPPORT ESCALATION,CRITICAL,PENDING,2026-09-30 01:20:32.168936
37,a44b8743-4746-405b-a073-c1ccd5386630,PAYMENT RETRY CAMPAIGN,CRITICAL,PENDING,2026-09-30 01:20:32.168936
38,ddfb8926-4471-4bec-849c-7d0405b5b57b,PRIORITY SUPPORT ESCALATION,CRITICAL,PENDING,2026-09-30 01:20:32.168936
39,44cbcdfd-129e-41e8-b829-231afd2b3a3c,PAYMENT RETRY CAMPAIGN,CRITICAL,PENDING,2026-09-30 01:20:32.168936
45,7a2d0048-8e8d-463e-ac7d-1ae6caf8e8d7,PAYMENT RETRY CAMPAIGN,CRITICAL,PENDING,2026-09-30 01:20:32.168936
46,ff9b1475-9bcf-4589-a543-1cfc34461557,PRIORITY SUPPORT ESCALATION,CRITICAL,PENDING,2026-09-30 01:20:32.168936
47,96b3f12f-6b05-4fab-a5bd-6f32619af139,PAYMENT RETRY CAMPAIGN,CRITICAL,PENDING,2026-09-30 01:20:32.168936
48,44b9ffba-ae55-4e9b-bab3-d0929b8ef104,CUSTOMER RE-ENGAGEMENT,CRITICAL,PENDING,2026-09-30 01:20:32.168936
49,cb2cff98-48d3-4e19-b231-c2d21433e190,PAYMENT RETRY CAMPAIGN,CRITICAL,PENDING,2026-09-30 01:20:32.168936
50,0a870a0c-dbde-4dfd-bf71-ff6738e945a6,PRIORITY SUPPORT ESCALATION,CRITICAL,PENDING,2026-09-30 01:20:32.168936
52,f4803fd6-5fe5-4072-93cf-0f8a3c9c41e6,PAYMENT RETRY CAMPAIGN,CRITICAL,PENDING,2026-09-30 01:20:32.168936
54,6f283187-f92e-48d1-abb9-ef049a82eb99,PAYMENT RETRY CAMPAIGN,CRITICAL,PENDING,2026-09-30 01:20:32.168936
57,ad91e29d-df4e-4723-8fe2-214a299ad29f,PAYMENT RETRY CAMPAIGN,CRITICAL,PENDING,2026-09-30 01:20:32.168936
58,ec870b4a-9a15-42d9-8eda-e7e758975969,PAYMENT RETRY CAMPAIGN,CRITICAL,PENDING,2026-09-30 01:20:32.168936
59,be8b9de4-f8e7-4e0f-aeee-c3dff605455d,PAYMENT RETRY CAMPAIGN,CRITICAL,PENDING,2026-09-30 01:20:32.168936
60,15699111-1a1f-4978-91e3-3daf2661174d,PAYMENT RETRY CAMPAIGN,CRITICAL,PENDING,2026-09-30 01:20:32.168936
64,493bd056-ad78-4ee3-9a75-6252322dee2b,PRIORITY SUPPORT ESCALATION,CRITICAL,PENDING,2026-09-30 01:20:32.168936
69,941c0a11-d6e5-4c9d-a9fa-df794b010087,PAYMENT RETRY CAMPAIGN,CRITICAL,PENDING,2026-09-30 01:20:32.168936
71,49cdbd72-da5c-4efb-8960-d298270481dd,PAYMENT RETRY CAMPAIGN,CRITICAL,PENDING,2026-09-30 01:20:32.168936
72,5382140d-5cc9-4744-92fb-01440634b364,PAYMENT RETRY CAMPAIGN,CRITICAL,PENDING,2026-09-30 01:20:32.168936
73,b7053923-7780-417e-a46f-eb062638ea3b,PAYMENT RETRY CAMPAIGN,CRITICAL,PENDING,2026-09-30 01:20:32.168936
74,2e26c7f1-41d2-4ad1-aeeb-9c2dfb8e170a,PRIORITY SUPPORT ESCALATION,CRITICAL,PENDING,2026-09-30 01:20:32.168936
75,125a1dc3-1123-40e8-a43e-40f638716851,PAYMENT RETRY CAMPAIGN,CRITICAL,PENDING,2026-09-30 01:20:32.168936
76,e18a9698-ccdd-4e4c-9d3f-bd29ea2dc0e1,PAYMENT RETRY CAMPAIGN,CRITICAL,PENDING,2026-09-30 01:20:32.168936
77,499b4999-7efb-4cb4-8cf4-3b83145c7c92,PAYMENT RETRY CAMPAIGN,CRITICAL,PENDING,2026-09-30 01:20:32.168936
78,b5c3f008-0b7f-4e58-8dd9-09197b463ca7,PAYMENT RETRY CAMPAIGN,CRITICAL,PENDING,2026-09-30 01:20:32.168936
79,08548340-92eb-4228-b93b-da348ef2007b,PRIORITY SUPPORT ESCALATION,CRITICAL,PENDING,2026-09-30 01:20:32.168936
81,a10b9f67-51b9-4dc7-94d8-212dd835105d,PAYMENT RETRY CAMPAIGN,CRITICAL,PENDING,2026-09-30 01:20:32.168936
3,e9b5101b-78d5-442e-b063-000cb7483998,PAYMENT RETRY CAMPAIGN,HIGH,PENDING,2026-09-30 01:20:32.168936
55,9ce3ae73-a721-4b2c-b505-eacc74a088ea,PAYMENT RETRY CAMPAIGN,HIGH,PENDING,2026-09-30 01:20:32.168936
56,89bae609-5eb2-4c84-999d-6059c6003cbd,PAYMENT RETRY CAMPAIGN,HIGH,PENDING,2026-09-30 01:20:32.168936
6,c50c6cc8-2a69-49a1-ae63-253992ce0dd0,PAYMENT RETRY CAMPAIGN,HIGH,PENDING,2026-09-30 01:20:32.168936
133,7d52e66d-50f7-4373-8cbd-7474ba214dd9,PAYMENT RETRY CAMPAIGN,HIGH,PENDING,2026-09-30 01:20:32.168936
8,a0e21c67-3168-42b6-b226-cc792ea4a882,PAYMENT RETRY CAMPAIGN,HIGH,PENDING,2026-09-30 01:20:32.168936
148,10320ecd-c28b-4221-a771-f12bd0b0c407,PAYMENT RETRY CAMPAIGN,HIGH,PENDING,2026-09-30 01:20:32.168936
154,7bbd9f3f-46a0-4d4f-8f68-50518de6b3ac,CUSTOMER RE-ENGAGEMENT,HIGH,PENDING,2026-09-30 01:20:32.168936
124,802a68e6-336b-4646-94c4-961968ed0e16,PAYMENT RETRY CAMPAIGN,HIGH,PENDING,2026-09-30 01:20:32.168936
61,3636fe3c-6f3c-4225-826f-ed9141d84852,PAYMENT RETRY CAMPAIGN,HIGH,PENDING,2026-09-30 01:20:32.168936
62,53fcaa9e-43e3-4571-a724-d71f6d7e51f6,PAYMENT RETRY CAMPAIGN,HIGH,PENDING,2026-09-30 01:20:32.168936
63,137a4a17-4d40-4514-a7c8-66bcd8618918,PAYMENT RETRY CAMPAIGN,HIGH,PENDING,2026-09-30 01:20:32.168936
92,e25fcb8c-5961-4bcc-a663-d927bc39e02a,PAYMENT RETRY CAMPAIGN,HIGH,PENDING,2026-09-30 01:20:32.168936
65,844a9c4c-d822-48f7-9026-aa034547cfa9,PAYMENT RETRY CAMPAIGN,HIGH,PENDING,2026-09-30 01:20:32.168936
17,14e1a26e-2be5-4a0d-b373-1a206d622d28,PAYMENT RETRY CAMPAIGN,HIGH,PENDING,2026-09-30 01:20:32.168936
18,f17ff339-506b-46dd-ad1d-a460a746ba7a,PAYMENT RETRY CAMPAIGN,HIGH,PENDING,2026-09-30 01:20:32.168936
66,283c3c61-2079-4d8e-81ea-592f137c1deb,PAYMENT RETRY CAMPAIGN,HIGH,PENDING,2026-09-30 01:20:32.168936
20,d3a956e1-244f-49ac-88cf-8f6b11d537e2,PAYMENT RETRY CAMPAIGN,HIGH,PENDING,2026-09-30 01:20:32.168936
67,1d4dcc3c-1772-4fa3-ba36-2816045e7d70,PAYMENT RETRY CAMPAIGN,HIGH,PENDING,2026-09-30 01:20:32.168936
22,1063e03d-fb20-4629-b160-d9297f4fdea6,PAYMENT RETRY CAMPAIGN,HIGH,PENDING,2026-09-30 01:20:32.168936
23,8aa4cdf1-a9a4-449e-a357-fe9d9cb81362,PAYMENT RETRY CAMPAIGN,HIGH,PENDING,2026-09-30 01:20:32.168936
68,ac795fd1-1250-42f8-8cb6-2e23c229c0a5,PAYMENT RETRY CAMPAIGN,HIGH,PENDING,2026-09-30 01:20:32.168936
143,8ae01491-cc05-428e-8b2a-fb7e9567bbdf,PAYMENT RETRY CAMPAIGN,HIGH,PENDING,2026-09-30 01:20:32.168936
70,6aec6dbf-8ea8-4775-b48c-d9224fe21b03,CUSTOMER RE-ENGAGEMENT,HIGH,PENDING,2026-09-30 01:20:32.168936
27,2e31ef22-98f3-48cd-9f7d-46758d0e7072,PAYMENT RETRY CAMPAIGN,HIGH,PENDING,2026-09-30 01:20:32.168936
28,7d8a0376-2b18-48ad-87a0-632b61d161ae,CUSTOMER RE-ENGAGEMENT,HIGH,PENDING,2026-09-30 01:20:32.168936
94,62607773-54ef-4c1f-8ec0-98ca284d8c67,CUSTOMER RE-ENGAGEMENT,HIGH,PENDING,2026-09-30 01:20:32.168936
137,d174d88d-685a-4086-854d-9a4ba5f0ff9f,PAYMENT RETRY CAMPAIGN,HIGH,PENDING,2026-09-30 01:20:32.168936
31,a41c27c6-47f6-4cd0-a447-55e016709cef,PAYMENT RETRY CAMPAIGN,HIGH,PENDING,2026-09-30 01:20:32.168936
144,86ca109d-d995-4f4d-9211-5bfa8ee59899,PAYMENT RETRY CAMPAIGN,HIGH,PENDING,2026-09-30 01:20:32.168936
97,27e1858a-7884-4a0d-8d3e-75513e96729c,CUSTOMER RE-ENGAGEMENT,HIGH,PENDING,2026-09-30 01:20:32.168936
115,2dabbbe8-73f2-4dd7-8113-6cee26e63a08,PAYMENT RETRY CAMPAIGN,HIGH,PENDING,2026-09-30 01:20:32.168936
128,a003e041-10ab-41db-8452-8cdf9f269fd9,PAYMENT RETRY CAMPAIGN,HIGH,PENDING,2026-09-30 01:20:32.168936
36,d106c7a8-b5d9-4c2f-b07e-5a8c9f38bb2c,PAYMENT RETRY CAMPAIGN,HIGH,PENDING,2026-09-30 01:20:32.168936
100,1cea918f-f9c5-4b43-b48e-84af577e71bb,PAYMENT RETRY CAMPAIGN,HIGH,PENDING,2026-09-30 01:20:32.168936
101,a1de33b0-1ebd-4500-bc6c-d1ba8ff376f2,PAYMENT RETRY CAMPAIGN,HIGH,PENDING,2026-09-30 01:20:32.168936
102,f474a847-dd0f-4252-98f1-8f0943f8ed85,PAYMENT RETRY CAMPAIGN,HIGH,PENDING,2026-09-30 01:20:32.168936
40,ce17ac46-e741-4925-b1ad-4fb08c7aa870,PAYMENT RETRY CAMPAIGN,HIGH,PENDING,2026-09-30 01:20:32.168936
41,d043c284-45a6-4839-9b45-7f6025742c23,PAYMENT RETRY CAMPAIGN,HIGH,PENDING,2026-09-30 01:20:32.168936
42,437ab4d4-e5d8-4318-b088-7b826af935a5,PAYMENT RETRY CAMPAIGN,HIGH,PENDING,2026-09-30 01:20:32.168936
43,c7d168e6-f9fa-4237-9081-24c965f384ff,PAYMENT RETRY CAMPAIGN,HIGH,PENDING,2026-09-30 01:20:32.168936
44,85d8c6d1-165c-4d03-b41c-371317708540,PAYMENT RETRY CAMPAIGN,HIGH,PENDING,2026-09-30 01:20:32.168936
80,4dabdb86-c51e-4b3e-bcc4-013bfbee2b16,PAYMENT RETRY CAMPAIGN,HIGH,PENDING,2026-09-30 01:20:32.168936
139,3e5d1a18-4293-44c3-af78-5bfd17c8d075,CUSTOMER RE-ENGAGEMENT,HIGH,PENDING,2026-09-30 01:20:32.168936
82,da4cc69d-cf04-4c93-bfb3-3bdc94cf897b,PAYMENT RETRY CAMPAIGN,HIGH,PENDING,2026-09-30 01:20:32.168936
130,9408acd7-11f9-45aa-a216-d74de1ae9ecc,CUSTOMER RE-ENGAGEMENT,HIGH,PENDING,2026-09-30 01:20:32.168936
105,efc112a6-55b9-4baf-9f1c-d9e4ef06f65b,PAYMENT RETRY CAMPAIGN,HIGH,PENDING,2026-09-30 01:20:32.168936
85,941e1dbe-254a-4215-9a7a-b4c0a06ce60c,PAYMENT RETRY CAMPAIGN,HIGH,PENDING,2026-09-30 01:20:32.168936
51,d3a3834b-2bdc-4640-8854-2a8527002e1d,PAYMENT RETRY CAMPAIGN,HIGH,PENDING,2026-09-30 01:20:32.168936
145,e3846696-9515-4914-9951-35eeb60c35b9,CUSTOMER RE-ENGAGEMENT,HIGH,PENDING,2026-09-30 01:20:32.168936
53,bf9afde6-1a13-4dac-b059-43992a94cae9,PAYMENT RETRY CAMPAIGN,HIGH,PENDING,2026-09-30 01:20:32.168936
132,9338c297-a912-42ed-baf8-42568b14801c,PAYMENT RETRY CAMPAIGN,HIGH,PENDING,2026-09-30 01:20:32.168936
