customer_id,predicted_churn_probability,estimated_monthly_revenue_loss,risk_generated_at
f9a4c2ee-8435-4367-9f7f-bcb408b097a3,1.00,147.48,2026-09-30 01:20:32.104563
7f7dbe1b-b67d-4b77-a51f-5d3c36c7c549,1.00,145.51,2026-09-30 01:20:32.104563
1c5543fc-e550-458f-84f5-2fbdf4fdfc0f,1.00,132.20,2026-09-30 01:20:32.104563
f0ed0555-1529-491f-96ad-0573be35e72a,0.83,129.66,2026-09-30 01:20:32.104563
08548340-92eb-4228-b93b-da348ef2007b,0.99,119.02,2026-09-30 01:20:32.104563
0ddbf209-16e9-44e8-aea7-33200c2efb46,1.00,117.05,2026-09-30 01:20:32.104563
15699111-1a1f-4978-91e3-3daf2661174d,0.94,116.37,2026-09-30 01:20:32.104563
4e9ab618-4f0d-4d5a-b73f-10ce2920f4a8,1.00,114.91,2026-09-30 01:20:32.104563
2984375f-4789-4406-90e3-2806aa7e4684,0.99,114.41,2026-09-30 01:20:32.104563
785452c4-c33a-48aa-9d5d-9af110d74106,0.86,114.06,2026-09-30 01:20:32.104563
0a7e724e-9028-45b7-8af7-3edd86b28779,1.00,112.78,2026-09-30 01:20:32.104563
44b9ffba-ae55-4e9b-bab3-d0929b8ef104,0.93,109.42,2026-09-30 01:20:32.104563
3165863b-9119-4957-a70e-55cd8724d599,1.00,107.97,2026-09-30 01:20:32.104563
97759d69-2586-45dd-bf6f-bc4ab8d3880a,0.90,107.23,2026-09-30 01:20:32.104563
f4803fd6-5fe5-4072-93cf-0f8a3c9c41e6,1.00,106.09,2026-09-30 01:20:32.104563
8573e70b-5c95-43e7-82ef-c0a6637b6bcd,0.82,104.30,2026-09-30 01:20:32.104563
cede7fd8-478d-43dc-b495-e6d17462fd0a,1.00,102.27,2026-09-30 01:20:32.104563
9314c94b-2e0b-4e8f-8afd-3dbc3250896e,1.00,101.92,2026-09-30 01:20:32.104563
ddfb8926-4471-4bec-849c-7d0405b5b57b,0.88,101.15,2026-09-30 01:20:32.104563
b55912ca-cc68-473a-a182-eebc8c9f58c2,0.82,100.78,2026-09-30 01:20:32.104563
493bd056-ad78-4ee3-9a75-6252322dee2b,0.84,99.85,2026-09-30 01:20:32.104563
2e26c7f1-41d2-4ad1-aeeb-9c2dfb8e170a,0.99,99.74,2026-09-30 01:20:32.104563
499b4999-7efb-4cb4-8cf4-3b83145c7c92,0.97,99.04,2026-09-30 01:20:32.104563
e272dcb8-c919-4ecc-87e4-27c92fa82a09,1.00,97.87,2026-09-30 01:20:32.104563
b058b8e9-c05c-4e5d-bb07-9d9283ca7128,1.00,97.70,2026-09-30 01:20:32.104563
07b2f39d-8ad0-4a89-a2a3-fcb61c8cafc6,1.00,97.30,2026-09-30 01:20:32.104563
758f1190-c236-4e7c-820f-ec35890e50f8,0.82,96.55,2026-09-30 01:20:32.104563
030c825c-7f19-4f4b-a77b-c12ef9132d12,0.97,96.54,2026-09-30 01:20:32.104563
64d49170-b7f3-441c-85da-b775078733cf,0.89,96.36,2026-09-30 01:20:32.104563
7a2d0048-8e8d-463e-ac7d-1ae6caf8e8d7,1.00,95.80,2026-09-30 01:20:32.104563
021d7cac-4b6c-47a5-9c4d-48090a2f71bb,0.82,95.42,2026-09-30 01:20:32.104563
68df4323-f2cf-44cb-8d54-9b9da2b0703a,0.89,94.92,2026-09-30 01:20:32.104563
4dabdb86-c51e-4b3e-bcc4-013bfbee2b16,0.57,93.35,2026-09-30 01:20:32.104563
6fc01126-1149-499e-97ae-bf060b62deb9,1.00,92.93,2026-09-30 01:20:32.104563
59d5e3b0-29b7-46c0-befb-40bbe99f31a3,0.93,92.88,2026-09-30 01:20:32.104563
f6258855-f6b4-44b9-8ef4-6aba7a0772c2,0.83,92.70,2026-09-30 01:20:32.104563
89bae609-5eb2-4c84-999d-6059c6003cbd,0.61,90.45,2026-09-30 01:20:32.104563
757e7620-60ff-44c4-8e1f-b768c01b7620,1.00,90.14,2026-09-30 01:20:32.104563
ae500d47-7d55-4045-aebb-8c505eb4c9cb,1.00,89.96,2026-09-30 01:20:32.104563
de9a94e2-a318-4041-ab6e-7b5afc33797a,0.86,89.55,2026-09-30 01:20:32.104563
f2bc28fa-e192-410d-bee4-480fe508785e,0.97,88.71,2026-09-30 01:20:32.104563
57060be0-aeca-46f3-89ba-155348fcad86,0.90,88.69,2026-09-30 01:20:32.104563
0e072767-def6-46f9-851f-0680035ef54c,1.00,87.98,2026-09-30 01:20:32.104563
b8dbc6d8-e006-420c-b650-b085062e32a0,0.99,87.42,2026-09-30 01:20:32.104563
0f94fb4b-7364-4f0e-8a5b-b75f940c1727,1.00,86.69,2026-09-30 01:20:32.104563
134d5423-79ad-4731-8f70-3e0e9357d1a8,1.00,86.00,2026-09-30 01:20:32.104563
ff9b1475-9bcf-4589-a543-1cfc34461557,1.00,85.82,2026-09-30 01:20:32.104563
dec82419-54fb-4d38-bbd9-c945be2df53d,0.99,85.04,2026-09-30 01:20:32.104563
a95732e8-33ee-481e-baa6-bca06761ee49,0.81,84.90,2026-09-30 01:20:32.104563
5578502e-ef9c-4fb5-96ff-fc34cb4d1c6d,0.83,83.40,2026-09-30 01:20:32.104563
27e1858a-7884-4a0d-8d3e-75513e96729c,0.51,83.22,2026-09-30 01:20:32.104563
cc55a654-5e39-4eaf-ad79-0ef59d9a2829,0.88,83.16,2026-09-30 01:20:32.104563
b4248932-f365-4285-bad9-f7448cf74120,0.97,82.20,2026-09-30 01:20:32.104563
e1e11b3f-11b3-4f7f-b7c3-0ea060244e6a,0.82,81.53,2026-09-30 01:20:32.104563
a0e21c67-3168-42b6-b226-cc792ea4a882,0.52,81.06,2026-09-30 01:20:32.104563
c50c6cc8-2a69-49a1-ae63-253992ce0dd0,0.73,80.64,2026-09-30 01:20:32.104563
437ab4d4-e5d8-4318-b088-7b826af935a5,0.67,80.45,2026-09-30 01:20:32.104563
844a9c4c-d822-48f7-9026-aa034547cfa9,0.61,79.63,2026-09-30 01:20:32.104563
8ab1ac9e-0b25-4f01-907c-bca2c52dee43,1.00,78.72,2026-09-30 01:20:32.104563
a2f59b7d-0034-4d47-b43e-7c4c123e44d7,1.00,78.56,2026-09-30 01:20:32.104563
05d1c077-b91a-484a-85f4-79aa6ecdc865,0.81,78.45,2026-09-30 01:20:32.104563
96b3f12f-6b05-4fab-a5bd-6f32619af139,0.87,78.27,2026-09-30 01:20:32.104563
c1775d01-48b7-465e-90ed-02d362f9e79b,0.97,78.08,2026-09-30 01:20:32.104563
31fbaf9d-ed72-45ff-ae23-8740dccc79c6,1.00,77.82,2026-09-30 01:20:32.104563
651b0bd9-74b8-4471-b090-8a13d5d584f6,0.84,77.66,2026-09-30 01:20:32.104563
a10b9f67-51b9-4dc7-94d8-212dd835105d,0.91,77.55,2026-09-30 01:20:32.104563
5382140d-5cc9-4744-92fb-01440634b364,0.93,77.15,2026-09-30 01:20:32.104563
65b7a3a4-e1c5-4f46-ad11-784598f54068,1.00,76.99,2026-09-30 01:20:32.104563
fa52ce62-3e31-4042-86bf-e71f13839100,0.86,76.80,2026-09-30 01:20:32.104563
9408acd7-11f9-45aa-a216-d74de1ae9ecc,0.53,76.48,2026-09-30 01:20:32.104563
125a1dc3-1123-40e8-a43e-40f638716851,0.87,75.97,2026-09-30 01:20:32.104563
7bbd9f3f-46a0-4d4f-8f68-50518de6b3ac,0.62,75.72,2026-09-30 01:20:32.104563
0a870a0c-dbde-4dfd-bf71-ff6738e945a6,1.00,75.46,2026-09-30 01:20:32.104563
86ca109d-d995-4f4d-9211-5bfa8ee59899,0.54,75.24,2026-09-30 01:20:32.104563
9fef9afb-ec06-4c75-9ab7-5d9b7e8a6579,0.98,75.06,2026-09-30 01:20:32.104563
283c3c61-2079-4d8e-81ea-592f137c1deb,0.58,74.76,2026-09-30 01:20:32.104563
a44b8743-4746-405b-a073-c1ccd5386630,1.00,74.50,2026-09-30 01:20:32.104563
87bacaac-2cf3-4a55-b69e-c014b38e8945,0.86,74.44,2026-09-30 01:20:32.104563
802a68e6-336b-4646-94c4-961968ed0e16,0.62,74.14,2026-09-30 01:20:32.104563
3ce3ded0-f3fb-44d4-9d09-7607437d4eb6,0.99,74.04,2026-09-30 01:20:32.104563
a41c27c6-47f6-4cd0-a447-55e016709cef,0.57,73.93,2026-09-30 01:20:32.104563
ce17ac46-e741-4925-b1ad-4fb08c7aa870,0.65,73.92,2026-09-30 01:20:32.104563
1d4dcc3c-1772-4fa3-ba36-2816045e7d70,0.70,73.81,2026-09-30 01:20:32.104563
d174d88d-685a-4086-854d-9a4ba5f0ff9f,0.62,73.13,2026-09-30 01:20:32.104563
28073b76-603b-42d5-97ac-25837d56a0c3,0.82,73.02,2026-09-30 01:20:32.104563
ac795fd1-1250-42f8-8cb6-2e23c229c0a5,0.56,72.81,2026-09-30 01:20:32.104563
15ee9095-1082-4fe7-9a02-e969d479675b,0.82,71.75,2026-09-30 01:20:32.104563
3717ab1d-1efb-4271-ab2f-6dbdd127d0e8,0.84,71.41,2026-09-30 01:20:32.104563
9e154cf5-02af-43e6-92d3-44718884bc81,0.40,71.28,2026-09-30 01:20:32.104563
45ad4fb3-d1f0-4861-9358-904c4dcd9d1b,0.97,71.15,2026-09-30 01:20:32.104563
e5c4543f-902b-4a1f-a14d-e14e01b5dcbc,0.81,71.07,2026-09-30 01:20:32.104563
3636fe3c-6f3c-4225-826f-ed9141d84852,0.55,71.01,2026-09-30 01:20:32.104563
f474a847-dd0f-4252-98f1-8f0943f8ed85,0.55,69.55,2026-09-30 01:20:32.104563
2e31ef22-98f3-48cd-9f7d-46758d0e7072,0.58,69.11,2026-09-30 01:20:32.104563
c7d168e6-f9fa-4237-9081-24c965f384ff,0.56,68.31,2026-09-30 01:20:32.104563
193d0cd2-836f-427b-9bc8-c3cb3ce40f04,0.97,68.07,2026-09-30 01:20:32.104563
e25fcb8c-5961-4bcc-a663-d927bc39e02a,0.53,67.55,2026-09-30 01:20:32.104563
10320ecd-c28b-4221-a771-f12bd0b0c407,0.52,66.91,2026-09-30 01:20:32.104563
7290c0b6-fa07-4897-b39d-c8b025b70e8e,1.00,66.87,2026-09-30 01:20:32.104563
be8b9de4-f8e7-4e0f-aeee-c3dff605455d,0.88,66.77,2026-09-30 01:20:32.104563
cd73c98b-7027-4c7d-ae63-e7c4b9572104,0.87,66.59,2026-09-30 01:20:32.104563
52d1f212-d7f0-47a7-b189-28e8271a9654,0.97,66.54,2026-09-30 01:20:32.104563
ec870b4a-9a15-42d9-8eda-e7e758975969,0.90,66.45,2026-09-30 01:20:32.104563
dc3ca8d4-57cb-423e-92b9-3f43ea10422b,0.41,66.09,2026-09-30 01:20:32.104563
00407d88-202d-42a5-aeb6-668f2d0f9344,0.46,65.61,2026-09-30 01:20:32.104563
3b99f124-e306-41bf-ac3e-c78833d67bc9,0.46,65.22,2026-09-30 01:20:32.104563
cb2cff98-48d3-4e19-b231-c2d21433e190,0.85,65.04,2026-09-30 01:20:32.104563
327543b6-d227-4c2d-a1a5-ba6dde0b5c42,0.82,64.92,2026-09-30 01:20:32.104563
e18a9698-ccdd-4e4c-9d3f-bd29ea2dc0e1,0.84,64.83,2026-09-30 01:20:32.104563
7424f88c-f8b5-4ef7-9ca3-7625b2541e7d,0.86,64.77,2026-09-30 01:20:32.104563
39adddaf-54a3-4476-b233-b76d0c89ab4d,0.40,64.53,2026-09-30 01:20:32.104563
a003e041-10ab-41db-8452-8cdf9f269fd9,0.53,64.51,2026-09-30 01:20:32.104563
cd472b5d-8ba2-454c-8cf4-302c20f48f15,0.98,64.34,2026-09-30 01:20:32.104563
3df2e0bf-abb7-4fb5-a55b-5840d4da3170,0.82,63.90,2026-09-30 01:20:32.104563
aea83fcf-1291-471e-a628-12b119268bad,0.82,63.73,2026-09-30 01:20:32.104563
e093c2a3-beb9-4fa5-910f-d93a2513cfdb,0.85,63.62,2026-09-30 01:20:32.104563
e3846696-9515-4914-9951-35eeb60c35b9,0.58,63.59,2026-09-30 01:20:32.104563
d043c284-45a6-4839-9b45-7f6025742c23,0.58,63.45,2026-09-30 01:20:32.104563
25169dcf-568d-4226-b9be-fb113e58a98b,0.46,63.32,2026-09-30 01:20:32.104563
1953717b-64c1-4c0d-82b8-79f4c8c17b61,1.00,63.23,2026-09-30 01:20:32.104563
abb48989-643c-4f08-b578-b956803e29d2,1.00,62.78,2026-09-30 01:20:32.104563
efc112a6-55b9-4baf-9f1c-d9e4ef06f65b,0.53,62.47,2026-09-30 01:20:32.104563
3e457753-1316-47aa-adb6-720023836e3f,0.82,62.15,2026-09-30 01:20:32.104563
7d52e66d-50f7-4373-8cbd-7474ba214dd9,0.54,62.14,2026-09-30 01:20:32.104563
0653328c-1b0d-4744-bb65-79c945ac7e46,0.48,61.88,2026-09-30 01:20:32.104563
d3159c7b-8a47-4232-b8c1-7e202e4bb8b1,0.82,61.74,2026-09-30 01:20:32.104563
0cb270fa-2154-42c6-aeb8-1704fc625385,0.99,61.53,2026-09-30 01:20:32.104563
b7053923-7780-417e-a46f-eb062638ea3b,0.95,61.40,2026-09-30 01:20:32.104563
49cdbd72-da5c-4efb-8960-d298270481dd,0.98,61.13,2026-09-30 01:20:32.104563
941c0a11-d6e5-4c9d-a9fa-df794b010087,0.84,61.13,2026-09-30 01:20:32.104563
f4ac7c1d-da31-4273-97ae-386cec093f6c,0.42,61.09,2026-09-30 01:20:32.104563
da4cc69d-cf04-4c93-bfb3-3bdc94cf897b,0.58,61.07,2026-09-30 01:20:32.104563
9ce3ae73-a721-4b2c-b505-eacc74a088ea,0.53,60.84,2026-09-30 01:20:32.104563
6f283187-f92e-48d1-abb9-ef049a82eb99,0.87,60.52,2026-09-30 01:20:32.104563
e3c0e964-26b6-4bf4-a644-60dfa244badd,0.46,60.45,2026-09-30 01:20:32.104563
d106c7a8-b5d9-4c2f-b07e-5a8c9f38bb2c,0.53,60.29,2026-09-30 01:20:32.104563
869dbb25-7fb5-4e6b-aa74-5f4162396a58,1.00,60.17,2026-09-30 01:20:32.104563
9c9a5d6e-b853-47c8-b42a-9e25f90801c9,0.42,60.16,2026-09-30 01:20:32.104563
f3ee594b-f22c-4a0f-bafd-734cb5472655,0.38,60.11,2026-09-30 01:20:32.104563
7d8a0376-2b18-48ad-87a0-632b61d161ae,0.53,59.24,2026-09-30 01:20:32.104563
bd316c87-195f-4fff-981f-63e96b5fe0aa,0.82,58.97,2026-09-30 01:20:32.104563
1c35d919-de11-45c8-b96f-3d5edbb5ce55,0.40,58.73,2026-09-30 01:20:32.104563
8aa4cdf1-a9a4-449e-a357-fe9d9cb81362,0.60,58.71,2026-09-30 01:20:32.104563
d3a3834b-2bdc-4640-8854-2a8527002e1d,0.65,58.67,2026-09-30 01:20:32.104563
fc4ee687-607e-40f8-a8b1-521a37897e42,0.42,58.05,2026-09-30 01:20:32.104563
101afe2b-dd22-4027-8ebc-2f052d795246,0.40,57.97,2026-09-30 01:20:32.104563
1f5f0c87-2fd4-4cdc-a03b-067a1eb2c640,0.33,57.65,2026-09-30 01:20:32.104563
53fcaa9e-43e3-4571-a724-d71f6d7e51f6,0.52,57.55,2026-09-30 01:20:32.104563
ad91e29d-df4e-4723-8fe2-214a299ad29f,0.97,57.50,2026-09-30 01:20:32.104563
0c5ed1ad-18df-49f2-a0b2-4d16362a3a6e,0.46,57.32,2026-09-30 01:20:32.104563
137a4a17-4d40-4514-a7c8-66bcd8618918,0.55,56.89,2026-09-30 01:20:32.104563
44cbcdfd-129e-41e8-b829-231afd2b3a3c,0.84,56.66,2026-09-30 01:20:32.104563
fc087d2d-7f63-4b97-b711-171f6fcd4f24,0.82,56.16,2026-09-30 01:20:32.104563
c8a237e1-c3be-41d8-b79a-4eeabe19cef2,0.39,56.13,2026-09-30 01:20:32.104563
4b3e4080-b7d0-454d-b4ed-cf7ede949530,0.39,56.05,2026-09-30 01:20:32.104563
3e5d1a18-4293-44c3-af78-5bfd17c8d075,0.53,55.74,2026-09-30 01:20:32.104563
1a8e11e6-bfa5-4704-8782-9ed0376b1a1a,0.35,55.66,2026-09-30 01:20:32.104563
375b2d72-0f27-44ff-a91c-3f3002e94c96,0.49,54.80,2026-09-30 01:20:32.104563
9338c297-a912-42ed-baf8-42568b14801c,0.59,54.53,2026-09-30 01:20:32.104563
6b5d4fac-1e80-4d64-a329-a96b758fa01b,0.39,54.11,2026-09-30 01:20:32.104563
6ba9b969-66f3-4ae7-8a1d-096a6bce763b,0.42,53.86,2026-09-30 01:20:32.104563
a30d44a8-3499-47d1-92e5-f9cdd87d46c3,0.40,53.52,2026-09-30 01:20:32.104563
31092ae0-ba72-41ff-bb3e-28b971e91d63,0.40,52.70,2026-09-30 01:20:32.104563
33bd3054-9f5d-4e7b-ba73-95cc7493e001,0.47,52.63,2026-09-30 01:20:32.104563
83176009-422a-45fb-856f-7744257b572e,0.41,52.32,2026-09-30 01:20:32.104563
3c746978-c81e-4888-b32a-b704a51a3e59,0.36,52.19,2026-09-30 01:20:32.104563
ca9d8047-abde-41b5-b8f5-ab7dad57c0b9,0.38,51.98,2026-09-30 01:20:32.104563
bf9afde6-1a13-4dac-b059-43992a94cae9,0.77,51.91,2026-09-30 01:20:32.104563
4cb8ffcf-fdf6-4752-81fe-a2f2f19ceba6,0.38,51.76,2026-09-30 01:20:32.104563
bdc2a7c5-9888-4257-8e32-320960e0e7dc,1.00,51.52,2026-09-30 01:20:32.104563
aa05b596-036f-4f84-b671-c57c01d06e5e,0.37,51.19,2026-09-30 01:20:32.104563
62607773-54ef-4c1f-8ec0-98ca284d8c67,0.52,51.14,2026-09-30 01:20:32.104563
2dabbbe8-73f2-4dd7-8113-6cee26e63a08,0.54,50.99,2026-09-30 01:20:32.104563
928743ad-bf63-46a0-ad65-66b20d6d0a77,0.44,50.82,2026-09-30 01:20:32.104563
9bc2f7b6-3d94-42c3-96ab-77ff20492dfc,0.40,50.56,2026-09-30 01:20:32.104563
941e1dbe-254a-4215-9a7a-b4c0a06ce60c,0.63,50.49,2026-09-30 01:20:32.104563
dfbf7765-578c-40ec-bfae-d6deaf35dd7b,0.32,50.25,2026-09-30 01:20:32.104563
7fd5111d-c266-4817-a69d-374d2bbb814f,0.39,50.22,2026-09-30 01:20:32.104563
47fdf70c-f5f6-4993-9386-ededfea72f1c,0.41,50.15,2026-09-30 01:20:32.104563
377f5f25-324d-44fa-af21-efdbbaa993da,0.37,49.85,2026-09-30 01:20:32.104563
65de5c1e-03fc-4745-bee3-d9b80ee68a63,0.39,49.69,2026-09-30 01:20:32.104563
b22f8dbf-d848-4dc5-b9af-aa58a279a036,0.37,49.36,2026-09-30 01:20:32.104563
d9049b33-27a6-4791-91e0-c5615c97167b,0.38,49.34,2026-09-30 01:20:32.104563
205cb369-4ed9-4b5b-af05-0458427b65d4,0.40,49.05,2026-09-30 01:20:32.104563
0f71ff57-3c9b-4e5d-8a47-2bebef163d6a,0.43,48.70,2026-09-30 01:20:32.104563
d4bf7c50-7ea2-4218-9174-778d295c6603,0.41,48.65,2026-09-30 01:20:32.104563
93278993-0455-4191-a9f3-1391bc5f8d07,0.42,48.37,2026-09-30 01:20:32.104563
a1de33b0-1ebd-4500-bc6c-d1ba8ff376f2,0.54,48.35,2026-09-30 01:20:32.104563
7a0c08d9-4208-4d20-ada4-766ec35bff13,0.41,48.24,2026-09-30 01:20:32.104563
c9c5b840-c001-4c26-be1e-86235ba0da27,0.40,48.16,2026-09-30 01:20:32.104563
b9af9faa-5e6a-4b06-a0bf-fcd94dc595ce,0.29,47.86,2026-09-30 01:20:32.104563
cc03f115-3eb5-4182-88db-8b6bd4604d63,0.48,47.81,2026-09-30 01:20:32.104563
8ae01491-cc05-428e-8b2a-fb7e9567bbdf,0.52,47.56,2026-09-30 01:20:32.104563
27a99a89-1743-46ad-afa7-8b3a6e1dc17e,0.46,47.56,2026-09-30 01:20:32.104563
b5c3f008-0b7f-4e58-8dd9-09197b463ca7,0.88,47.45,2026-09-30 01:20:32.104563
e9b5101b-78d5-442e-b063-000cb7483998,0.52,47.40,2026-09-30 01:20:32.104563
50d29656-ea81-434c-8c8e-0711207beb8b,0.41,47.40,2026-09-30 01:20:32.104563
9212e789-256d-40f9-a8b0-516e3a8b45ba,0.42,47.27,2026-09-30 01:20:32.104563
adba0ed0-413e-455b-b738-fd067192d1e1,0.41,47.21,2026-09-30 01:20:32.104563
a6a9c5e3-3383-4bd7-b9ba-ccce0ef9dad9,0.37,46.86,2026-09-30 01:20:32.104563
9f4e278c-8f69-498a-91cf-f98780a479c4,0.39,46.64,2026-09-30 01:20:32.104563
f6c110f8-0997-4fdd-8d7b-df5ab1f49f17,0.34,46.59,2026-09-30 01:20:32.104563
f34f2f54-a1be-4890-b368-8f3858c90eb3,0.40,46.28,2026-09-30 01:20:32.104563
77aebb9a-d0c1-46b9-848c-c60145e3ef8e,0.41,46.17,2026-09-30 01:20:32.104563
c3a55bf4-e9dd-4883-ae91-a52eec2411db,0.45,45.97,2026-09-30 01:20:32.104563
c69f69df-e86e-4776-9593-c4b52444d19d,0.44,45.88,2026-09-30 01:20:32.104563
e0dbd1af-26ee-4071-a977-8a16052c5847,0.42,45.88,2026-09-30 01:20:32.104563
fe599f16-80d3-4dd5-87e6-f550bccf3703,0.45,45.80,2026-09-30 01:20:32.104563
f17ff339-506b-46dd-ad1d-a460a746ba7a,0.55,45.51,2026-09-30 01:20:32.104563
6847b305-a4cc-4d7b-990d-0d418071aef4,0.43,45.37,2026-09-30 01:20:32.104563
d498d34a-3b87-48ea-941d-853957ab77c4,0.40,45.34,2026-09-30 01:20:32.104563
71e681af-d10e-4f15-abcb-be5cd5ce7b9f,0.38,45.26,2026-09-30 01:20:32.104563
949965b2-7fee-44cf-bce7-862f4e3b0ab6,0.44,45.07,2026-09-30 01:20:32.104563
167cbf6f-ecd1-412d-94a4-ec4e4fc74f1f,0.40,44.99,2026-09-30 01:20:32.104563
64f12159-0259-411e-8f3d-6216150adc5c,0.37,44.88,2026-09-30 01:20:32.104563
fd09c451-ac89-4653-9723-500212cae7ea,0.40,44.87,2026-09-30 01:20:32.104563
38afec9f-5bea-469a-b84c-21f8c938e0b9,0.40,44.45,2026-09-30 01:20:32.104563
a976a94f-d6fa-4e06-9e7f-801304ac6252,0.34,44.32,2026-09-30 01:20:32.104563
7347b4eb-f112-4c32-a879-627e3d3f4604,0.29,44.25,2026-09-30 01:20:32.104563
ca392011-0c96-4917-9213-d419158bea9d,0.39,44.03,2026-09-30 01:20:32.104563
644fd70c-826d-422a-9520-6744a3e8b3ee,0.40,44.01,2026-09-30 01:20:32.104563
1671b83d-d50a-467e-9f2f-325b40faf6db,0.37,43.98,2026-09-30 01:20:32.104563
57f602f1-3cee-4e6c-8272-d1cf56ee5b66,0.38,43.97,2026-09-30 01:20:32.104563
71b66b5a-2e97-4fed-a208-3cc7dab62f2c,0.37,43.81,2026-09-30 01:20:32.104563
47e94ae2-6722-42de-99bf-5c1627b650aa,0.49,43.80,2026-09-30 01:20:32.104563
7b89b8f5-b24c-485f-a4da-32c4edeedaa6,0.42,43.51,2026-09-30 01:20:32.104563
1389b2f2-0ec9-41b0-b8f7-9da1a1cb3c95,0.41,43.50,2026-09-30 01:20:32.104563
f3d6fa4b-db63-49f1-ba27-47eeab5670b6,0.38,43.44,2026-09-30 01:20:32.104563
2917b31d-4a83-47c9-9a70-76cc7b631de1,0.38,43.40,2026-09-30 01:20:32.104563
3777f8e8-c769-4306-96bc-1dbe9fa0d069,0.41,43.38,2026-09-30 01:20:32.104563
da94bbaf-54ed-4f30-91ff-21721c0d8089,0.28,43.26,2026-09-30 01:20:32.104563
e3e71606-5c7c-429c-806c-d1f0584bbc30,0.31,43.06,2026-09-30 01:20:32.104563
ebe1cf5c-abd5-4810-acb8-6978aff4fc77,0.37,42.87,2026-09-30 01:20:32.104563
eb1bb5d7-d6bb-4afe-996d-a7bd9fa32a08,0.38,42.81,2026-09-30 01:20:32.104563
14e1a26e-2be5-4a0d-b373-1a206d622d28,0.55,42.44,2026-09-30 01:20:32.104563
af07ab25-d4af-477e-bd77-2895c9a9ceab,0.40,42.22,2026-09-30 01:20:32.104563
a9258be7-3fc6-49fc-a219-b03cc3a6e172,0.35,42.17,2026-09-30 01:20:32.104563
2c9d24f8-5852-4106-b824-7bfaa01a9d73,0.44,42.16,2026-09-30 01:20:32.104563
53ea7fa5-61ff-43c5-9b6d-5922cea7f4f6,0.38,42.16,2026-09-30 01:20:32.104563
f617149b-ab50-4a76-8ea1-7e8df796d430,0.38,42.02,2026-09-30 01:20:32.104563
67182b04-dc1d-4130-b09c-789d15d5d1c4,0.38,41.76,2026-09-30 01:20:32.104563
994d4574-e85b-461c-b3fd-3bf93d01a956,0.27,41.67,2026-09-30 01:20:32.104563
edcdcb5c-6ca1-45d3-befb-3c95b3402eea,0.37,41.52,2026-09-30 01:20:32.104563
4a0364e2-a4ef-4749-9078-df4f103965bb,0.32,41.13,2026-09-30 01:20:32.104563
899d9ffd-4560-4ed2-978e-43279c391052,0.39,40.90,2026-09-30 01:20:32.104563
e9134584-edff-4c0c-91aa-4ffbe43b0e6f,0.25,40.86,2026-09-30 01:20:32.104563
34d329d7-c09f-497d-9815-f5f8ba3c84a6,0.33,40.85,2026-09-30 01:20:32.104563
efd030dd-9d74-493b-84af-23bc10639673,0.25,40.76,2026-09-30 01:20:32.104563
1d56d17e-9c1f-4e0c-8a30-c32567e7ee48,0.26,40.73,2026-09-30 01:20:32.104563
e4a5ff58-8263-43bd-ab36-0667e3eec3c3,0.33,40.72,2026-09-30 01:20:32.104563
d70490bd-426b-4c65-9865-3498d4a98311,0.37,40.63,2026-09-30 01:20:32.104563
83df153b-546d-4f7b-a9fc-2df78d2eb3f4,0.26,40.45,2026-09-30 01:20:32.104563
ca9178d3-e2d9-49cf-b970-ad9e45816d5b,0.38,40.41,2026-09-30 01:20:32.104563
1dfa2ac6-d3f8-4b57-bb17-e3083b373317,0.40,40.40,2026-09-30 01:20:32.104563
88447831-ddae-4d9f-91dd-5cc046b6ba49,0.41,40.01,2026-09-30 01:20:32.104563
445bb747-5a13-429f-962b-14d1fcdcfd9c,0.29,39.96,2026-09-30 01:20:32.104563
2aa0fc5d-b639-4368-b801-0017b1ff099f,0.43,39.80,2026-09-30 01:20:32.104563
7e4e4755-8140-40a9-9630-7e6d5e26ae38,0.37,39.66,2026-09-30 01:20:32.104563
6b766c78-c9ef-44c6-92bb-0655bbe845ab,0.36,39.60,2026-09-30 01:20:32.104563
68062d85-f03b-4197-8294-305515d7da69,0.25,39.53,2026-09-30 01:20:32.104563
e5d3a1e5-8123-4751-8ea8-651c5ff680dd,0.29,39.51,2026-09-30 01:20:32.104563
60b3da5d-e50e-436e-83a1-09a124d29f2f,0.40,39.32,2026-09-30 01:20:32.104563
9a048163-7f05-4cff-850e-b60f03c5a5eb,0.28,39.05,2026-09-30 01:20:32.104563
cbb98653-b2b7-41f4-b96f-4ee586d8cedd,0.39,38.94,2026-09-30 01:20:32.104563
494331dc-4de8-4fdb-a279-2514afccd647,0.42,38.92,2026-09-30 01:20:32.104563
1cea918f-f9c5-4b43-b48e-84af577e71bb,0.52,38.90,2026-09-30 01:20:32.104563
dc4ba9b9-8768-446c-b451-11777f30cc52,0.31,38.74,2026-09-30 01:20:32.104563
96b46cb7-dda9-41a6-8679-1721ba620e3a,0.26,38.68,2026-09-30 01:20:32.104563
c2f6c6cc-1a5c-4e5e-bf24-52900c700f1a,0.42,38.67,2026-09-30 01:20:32.104563
95b76e63-9bc7-400e-8031-04cbfdb27b47,0.41,38.55,2026-09-30 01:20:32.104563
802d9b13-91a0-4ee5-8107-ffbe08a48049,0.33,38.50,2026-09-30 01:20:32.104563
d0919baa-3263-40ce-b21e-11d2aec00c26,0.26,38.31,2026-09-30 01:20:32.104563
f26b34e7-5afa-475e-ab58-4b3ce3cc8095,0.32,38.12,2026-09-30 01:20:32.104563
2a2c6486-9e87-4e6f-93d7-bb33fa800f96,0.38,37.81,2026-09-30 01:20:32.104563
247c8c4a-fc01-490a-bfaa-9331a3656be4,0.38,37.45,2026-09-30 01:20:32.104563
08a84a14-9a5a-402e-b4ad-3129b679ed49,0.36,37.38,2026-09-30 01:20:32.104563
93ad585f-091b-4a4d-add9-497ab71d4fdf,0.43,37.38,2026-09-30 01:20:32.104563
9a95e5a6-c4b1-43a5-bbe9-4bbbb7fcfe69,0.24,37.31,2026-09-30 01:20:32.104563
f1df1e1e-54e9-41d8-a7c4-a2e2f89b0352,0.38,37.26,2026-09-30 01:20:32.104563
080b89d3-ad97-44f8-b1a1-952327f2efd5,0.24,37.22,2026-09-30 01:20:32.104563
314ab80f-f154-4584-9189-4ca112d08bb7,0.39,37.18,2026-09-30 01:20:32.104563
9e9956e9-5c95-4232-b9b8-27629876bfc2,0.47,37.06,2026-09-30 01:20:32.104563
1a756f26-8e7d-4dc7-87f0-c1ca6c5bf35a,0.39,37.01,2026-09-30 01:20:32.104563
ac409d18-3c8a-4a69-a658-ebe42ce249e2,0.33,36.89,2026-09-30 01:20:32.104563
f486f7d2-0b30-4a3c-9a7d-b14cc3d09d05,0.38,36.89,2026-09-30 01:20:32.104563
f1dc5fc8-29b4-4f31-a0c0-734d950e11fa,0.35,36.80,2026-09-30 01:20:32.104563
fbb51aa8-c675-4300-ac62-67841ec95622,0.34,36.76,2026-09-30 01:20:32.104563
a4a25e0e-bc3c-49e7-b87f-cc61e15ce9f9,0.28,36.64,2026-09-30 01:20:32.104563
24ed9f67-cba1-4db9-8560-b7ce45080baf,0.38,36.60,2026-09-30 01:20:32.104563
51bd6040-38ab-48ce-8323-44c67ffdc082,0.38,36.60,2026-09-30 01:20:32.104563
d3a956e1-244f-49ac-88cf-8f6b11d537e2,0.56,36.53,2026-09-30 01:20:32.104563
0abb4f5c-b8cf-4c76-a20a-1ff200b7b2dd,0.40,36.37,2026-09-30 01:20:32.104563
06fad1cf-5c84-44ca-aa84-2474c65e2b5f,0.39,36.03,2026-09-30 01:20:32.104563
8611e0ad-f39a-41bd-b8e7-4ca849a30fc8,0.37,35.98,2026-09-30 01:20:32.104563
1cdf1f1c-62a8-441f-b633-934f4426f89a,0.28,35.43,2026-09-30 01:20:32.104563
2bab9417-65e8-4606-9dd1-91e95ac92d6c,0.23,35.21,2026-09-30 01:20:32.104563
1148691c-51a3-48b2-bb0c-2b0d082caccf,0.26,35.13,2026-09-30 01:20:32.104563
8dcbcf4c-fd3e-48ec-9d42-c416e144e2e7,0.41,34.92,2026-09-30 01:20:32.104563
e3168679-bce1-4e31-b962-c55a312a97a4,0.27,34.86,2026-09-30 01:20:32.104563
1bcba30e-2acb-493e-8726-b002cacba872,0.23,34.64,2026-09-30 01:20:32.104563
9a69b262-5704-4c51-a4e7-eccb54eda061,0.25,34.45,2026-09-30 01:20:32.104563
50da5115-2bf6-4f67-a9c0-f04ec537deaa,0.37,34.34,2026-09-30 01:20:32.104563
192488de-0f44-4619-b29d-7c6744fabaa3,0.24,34.16,2026-09-30 01:20:32.104563
7d4750b6-c246-48d3-97a2-4cff1f801648,0.40,34.15,2026-09-30 01:20:32.104563
77c99ec3-4e79-40e3-b33b-31bb68fd25e4,0.26,34.14,2026-09-30 01:20:32.104563
e030c456-a00e-4447-83bc-ff1d9a077534,0.41,34.13,2026-09-30 01:20:32.104563
7679ca59-8086-4f5c-af18-83a0904015f9,0.37,34.11,2026-09-30 01:20:32.104563
2cd9578a-e5d9-4f92-b1a3-20b0580f7372,0.37,34.06,2026-09-30 01:20:32.104563
404149cc-32ba-4fa7-8ec2-d782779e1739,0.31,33.98,2026-09-30 01:20:32.104563
9d3d0d40-609c-4ea5-bfe8-5506b033dcb2,0.43,33.94,2026-09-30 01:20:32.104563
6aec6dbf-8ea8-4775-b48c-d9224fe21b03,0.51,33.82,2026-09-30 01:20:32.104563
682e03f1-9d0a-45e1-91f6-766f37e0d4ca,0.26,33.56,2026-09-30 01:20:32.104563
f0e6e188-ca2a-4646-ac0c-fac4dacc27d9,0.25,33.41,2026-09-30 01:20:32.104563
85d8c6d1-165c-4d03-b41c-371317708540,0.62,33.29,2026-09-30 01:20:32.104563
93394390-95f8-43e9-a830-71c8e0b4c62e,0.37,33.18,2026-09-30 01:20:32.104563
d89eaccb-e129-4809-8b74-6b0d37292d49,0.24,33.14,2026-09-30 01:20:32.104563
3f114342-31e1-40ca-bd34-bb5dc5dc68cd,0.27,33.08,2026-09-30 01:20:32.104563
676be7c2-6ce9-4001-84d3-bc682aa78405,0.23,32.96,2026-09-30 01:20:32.104563
c7dbbf2f-9317-4824-b540-ec8846c968a0,0.33,32.92,2026-09-30 01:20:32.104563
fcf1693d-91b7-4b47-a29c-c9452cfc9c98,0.22,32.79,2026-09-30 01:20:32.104563
b4000652-b30c-4edc-83d9-9d73d058e0e4,0.36,32.77,2026-09-30 01:20:32.104563
dfe120e4-98cf-4c0e-8c8e-a30e110ece16,0.25,32.77,2026-09-30 01:20:32.104563
1063e03d-fb20-4629-b160-d9297f4fdea6,0.70,32.70,2026-09-30 01:20:32.104563
c9617dbd-76ba-4601-8f7b-fce542b03ff4,0.37,32.59,2026-09-30 01:20:32.104563
8a3e776b-f26e-4f92-9b74-c86a5bed732a,0.22,32.47,2026-09-30 01:20:32.104563
8a1d18b7-98fd-44cd-a0c0-80d369079163,0.37,32.46,2026-09-30 01:20:32.104563
e50cb7e9-e443-4970-bb16-d4bd2d56bf09,0.25,32.29,2026-09-30 01:20:32.104563
4b0dc248-c4c0-4546-8b81-0d1b4cd52faf,0.29,32.24,2026-09-30 01:20:32.104563
83ea43bd-472b-4f2f-8b4a-6937e1c24fc6,0.41,32.12,2026-09-30 01:20:32.104563
71f25bb4-3b48-4f2c-bf16-71f5a5eb2c43,0.37,32.11,2026-09-30 01:20:32.104563
2265790c-2f7e-44a4-b348-a91b3758cbc4,0.24,31.99,2026-09-30 01:20:32.104563
93f3705d-c1e5-4370-932c-4078e4cdaac8,0.28,31.90,2026-09-30 01:20:32.104563
aaf3e734-5dad-4f96-931d-f12cb661007d,0.23,31.65,2026-09-30 01:20:32.104563
a4f736cb-ab6c-4468-b046-baacc2be2668,0.28,31.38,2026-09-30 01:20:32.104563
ea7119bc-09f1-407d-8cae-66ca4119aa10,0.24,31.34,2026-09-30 01:20:32.104563
0bfa5bca-baa4-477b-accb-51bad7f563b7,0.22,31.31,2026-09-30 01:20:32.104563
1054df26-9cc7-46ed-a495-f1a49bdd35d2,0.37,31.27,2026-09-30 01:20:32.104563
25aa73dd-9a87-42b6-9541-548c19cb26fb,0.42,31.16,2026-09-30 01:20:32.104563
2fb83b29-fe98-4d43-9be7-830ef0d825d3,0.25,30.87,2026-09-30 01:20:32.104563
942e11fe-09f4-4f19-bb0b-f80966044433,0.24,30.85,2026-09-30 01:20:32.104563
b85317af-e9ed-43c2-b854-67eca3e4d123,0.24,30.80,2026-09-30 01:20:32.104563
bc4b80dc-b868-4b29-94f6-81304e5041d2,0.22,30.78,2026-09-30 01:20:32.104563
bac17410-5f85-48a5-9b32-89f3b6effc79,0.24,30.77,2026-09-30 01:20:32.104563
f8f03a31-24ba-4a99-824d-a1b4f3441276,0.27,30.62,2026-09-30 01:20:32.104563
fb425014-b9ee-4b76-b4e1-b8d9af54a7f4,0.28,30.61,2026-09-30 01:20:32.104563
0ceafb67-c39d-45b5-9f25-b9136fd3c816,0.24,30.50,2026-09-30 01:20:32.104563
02d3824f-ae3d-4cf8-ba9e-42d7944843e3,0.29,30.46,2026-09-30 01:20:32.104563
72803fd8-0895-4623-9726-65605b22d3cb,0.28,30.45,2026-09-30 01:20:32.104563
13a6c9e6-095d-461e-990a-1c8ec36a4fb9,0.37,30.39,2026-09-30 01:20:32.104563
bfada48a-bf1f-4406-95b9-138d1ad3387c,0.26,30.36,2026-09-30 01:20:32.104563
85072ab7-fedf-45ef-839e-37dd0d073d1f,0.32,30.18,2026-09-30 01:20:32.104563
f28433d0-9c65-4ec7-b562-1e1c2bd04ede,0.42,29.90,2026-09-30 01:20:32.104563
cf1fbea8-cb2c-4aa7-bf96-becd767eed9e,0.29,29.60,2026-09-30 01:20:32.104563
cfae2838-12df-4457-a6f3-62c6cba2436b,0.23,29.54,2026-09-30 01:20:32.104563
fe3e5a71-ef4c-4bfb-bc0c-3ced35bd3488,0.22,29.33,2026-09-30 01:20:32.104563
a0855ada-a8c1-42b3-a74d-c7f83e9e13de,0.25,29.29,2026-09-30 01:20:32.104563
9878fd59-d28e-4b21-a77b-6d341744dd95,0.22,29.22,2026-09-30 01:20:32.104563
9c171a32-9df8-4873-88ef-edbc0de016ad,0.24,29.17,2026-09-30 01:20:32.104563
a6727329-e2c2-4c81-a923-a278dd6ffa36,0.22,29.14,2026-09-30 01:20:32.104563
5680b198-6134-48d4-b4d1-ef667126a7c1,0.25,29.14,2026-09-30 01:20:32.104563
b9256c32-5733-4c51-8dbf-4cbefd4fa54b,0.23,29.03,2026-09-30 01:20:32.104563
68a06692-1a94-49d5-ae5e-c77fe74284f2,0.28,28.94,2026-09-30 01:20:32.104563
65b15497-ca9e-4360-990f-5316d475965e,0.22,28.94,2026-09-30 01:20:32.104563
bbc6fdb9-469a-4500-8a3a-14b3657ab275,0.23,28.94,2026-09-30 01:20:32.104563
a603c1e4-02c3-4313-95b5-89fbf08cb0cb,0.31,28.84,2026-09-30 01:20:32.104563
759dfe13-fc25-4767-9c1c-2a823f1f247b,0.22,28.81,2026-09-30 01:20:32.104563
4110268d-581a-4a3c-854e-b6da19c15fcd,0.42,28.80,2026-09-30 01:20:32.104563
c8adac8a-c313-463e-a551-ec000142ae04,0.22,28.70,2026-09-30 01:20:32.104563
e4f287db-388d-4b71-ba6f-4cfb4da85b8b,0.25,28.70,2026-09-30 01:20:32.104563
60ef37b9-d186-4aee-969f-ef6a112ff07f,0.27,28.64,2026-09-30 01:20:32.104563
941e1a8e-063c-483e-9389-fc0c6a3c4766,0.37,28.51,2026-09-30 01:20:32.104563
e80ac5ae-a96c-43d3-b30e-0bfed0a5751e,0.22,28.40,2026-09-30 01:20:32.104563
4ed26003-3fc3-434e-95a6-c209e5b5ff2b,0.26,28.38,2026-09-30 01:20:32.104563
fe605d74-16db-4520-9dda-cde52b8b73ee,0.26,28.26,2026-09-30 01:20:32.104563
3a7c2bf9-ef52-4ac0-8b07-47af9ad4ee94,0.24,28.16,2026-09-30 01:20:32.104563
9db70b94-5d68-49a4-807b-466dea8eed87,0.22,28.15,2026-09-30 01:20:32.104563
27464f5c-b63e-4296-873a-29d430f9ba1d,0.37,28.15,2026-09-30 01:20:32.104563
566e10d7-971b-4009-b409-77e7022a5a03,0.24,28.09,2026-09-30 01:20:32.104563
39fa41bf-9fb1-468e-b764-232b735b2d0c,0.22,28.08,2026-09-30 01:20:32.104563
48be6432-ce62-4b41-9076-52b3f14d87fb,0.37,27.96,2026-09-30 01:20:32.104563
4a489f74-bb43-4d05-beed-167916d3e94b,0.24,27.91,2026-09-30 01:20:32.104563
585d2739-1792-4bc6-97af-98126cac88b7,0.26,27.89,2026-09-30 01:20:32.104563
660dac5f-76c8-48a6-957f-e0c21de27c26,0.25,27.88,2026-09-30 01:20:32.104563
0ac98c1b-ec05-49b9-a4a2-0f256db56efa,0.27,27.88,2026-09-30 01:20:32.104563
c6dcde75-93f4-4a2e-82ac-e590ededa49c,0.25,27.83,2026-09-30 01:20:32.104563
7ad9f962-c658-4956-aca3-f83ee06b2dbf,0.23,27.70,2026-09-30 01:20:32.104563
722a9fea-de24-4a8c-9687-4f7dad21a72a,0.22,27.57,2026-09-30 01:20:32.104563
f814622e-d613-4cb1-b1a7-7f13242b561d,0.22,27.48,2026-09-30 01:20:32.104563
70ff5937-7406-4b9f-8a55-da281831ca7f,0.37,27.42,2026-09-30 01:20:32.104563
46dda694-ab95-45d2-98b1-55a2ca7d6016,0.26,27.41,2026-09-30 01:20:32.104563
3077de90-d380-47a1-a209-b4225780c577,0.24,27.38,2026-09-30 01:20:32.104563
5fe336d1-2af9-4ffa-937b-aad5ac7170b6,0.24,27.38,2026-09-30 01:20:32.104563
7412c8d7-3220-4d6f-95f7-f593a49045a2,0.26,27.37,2026-09-30 01:20:32.104563
025ba27a-625d-4d27-afc7-d482a0ed1d38,0.22,27.35,2026-09-30 01:20:32.104563
46d28495-5bb9-4ff9-9413-9a44a91eeba4,0.37,27.28,2026-09-30 01:20:32.104563
354aac11-aa3d-44c5-add4-415c1f338503,0.31,27.20,2026-09-30 01:20:32.104563
f9872979-01a9-4bf0-a1da-f3884e1f9dbb,0.21,27.04,2026-09-30 01:20:32.104563
baabcd8e-32ee-4ae3-a952-317bd5457cfe,0.35,27.03,2026-09-30 01:20:32.104563
59eeb030-2b4b-4ea0-80c1-6c9ebe370ed9,0.36,26.98,2026-09-30 01:20:32.104563
43ca330d-32ae-4871-8e36-f7ae0addb9dc,0.27,26.98,2026-09-30 01:20:32.104563
1092563f-6ee3-4ea0-be67-fa304ea206b2,0.28,26.95,2026-09-30 01:20:32.104563
b99e858c-cc3d-4914-9345-5d006e6c5c83,0.23,26.87,2026-09-30 01:20:32.104563
9b009c58-808a-4e93-b559-76b16e1a02c9,0.22,26.81,2026-09-30 01:20:32.104563
20560635-39b8-4a49-a75d-959ed7bc0481,0.24,26.80,2026-09-30 01:20:32.104563
a6e421a9-375c-4341-af64-38673e80cf12,0.41,26.76,2026-09-30 01:20:32.104563
490238ed-b412-49c2-b61b-5846e15e11a5,0.23,26.72,2026-09-30 01:20:32.104563
7c3c0cf2-6f04-4ac7-88ad-4327ffaf3f3b,0.23,26.69,2026-09-30 01:20:32.104563
2e99f956-13e3-4e74-8173-0cc207d93282,0.46,26.60,2026-09-30 01:20:32.104563
93e5caeb-1085-40e1-857e-7c533360bab1,0.38,26.45,2026-09-30 01:20:32.104563
cf17b482-c77c-4ec5-94ea-4596247ee06f,0.28,26.42,2026-09-30 01:20:32.104563
203d93e6-96ae-4c96-9549-6661c4e60db7,0.25,26.40,2026-09-30 01:20:32.104563
48e1bc1b-a60e-486b-a107-45abcecdeb1c,0.37,26.18,2026-09-30 01:20:32.104563
cbd54520-b2de-4f9d-a0f7-1947af6a31d3,0.22,26.03,2026-09-30 01:20:32.104563
6d6ebebe-ab1c-4903-acbf-0f4c55d2b026,0.24,26.01,2026-09-30 01:20:32.104563
d79ad8e8-70c0-4fdb-b7e1-e645481b7986,0.26,25.94,2026-09-30 01:20:32.104563
983a99ab-b0d6-4567-9f90-77565c8cae4b,0.21,25.93,2026-09-30 01:20:32.104563
3de06ad5-7abd-48a1-a2f9-876b15dde2ef,0.24,25.83,2026-09-30 01:20:32.104563
69d46853-539a-4232-82a3-3c1cb538abac,0.25,25.74,2026-09-30 01:20:32.104563
1761d563-2997-4147-a45e-cf04e8317b1e,0.22,25.57,2026-09-30 01:20:32.104563
b863164f-47a5-4345-ae0d-279c70a46b22,0.23,25.17,2026-09-30 01:20:32.104563
f3616e46-bf04-49dd-bc7e-38acd375add0,0.40,25.16,2026-09-30 01:20:32.104563
823d8875-5d32-418d-9fcf-3375af24a6ed,0.26,25.13,2026-09-30 01:20:32.104563
67d1831b-527b-4f02-a049-034981a74028,0.24,25.11,2026-09-30 01:20:32.104563
90a8667b-6c56-4bb9-8d7c-ecea69f13cd5,0.36,25.07,2026-09-30 01:20:32.104563
8c40b1d4-68bd-4a2f-b411-653d6f8e1a53,0.30,25.00,2026-09-30 01:20:32.104563
16f88210-625e-4ef6-ab12-c698c868ebe2,0.22,24.94,2026-09-30 01:20:32.104563
0a99d217-d01d-4ac8-92d2-480c37735193,0.26,24.94,2026-09-30 01:20:32.104563
73fb33ef-a64d-43a6-a0df-03ebf58f11c8,0.27,24.85,2026-09-30 01:20:32.104563
0117eb84-452d-47cd-a7b9-73d10439a479,0.25,24.79,2026-09-30 01:20:32.104563
bbfd0d93-963e-45b0-9004-f2b40ef21dbf,0.39,24.75,2026-09-30 01:20:32.104563
40ce9c5a-2792-4ffb-81f4-628cdb4ec1b5,0.23,24.66,2026-09-30 01:20:32.104563
6c7cb3fe-50a0-4caa-8e0c-7fba443bda07,0.27,24.25,2026-09-30 01:20:32.104563
5eb629c2-0a90-4745-85eb-dde2330244e6,0.25,24.20,2026-09-30 01:20:32.104563
036a58a6-4e36-41b0-84a6-b11953844554,0.23,24.15,2026-09-30 01:20:32.104563
fdc4d5ce-da1b-4e5c-867c-82d4b4b2861d,0.21,23.98,2026-09-30 01:20:32.104563
efb585d0-156f-4caa-9bb6-1bbe11e27e8d,0.24,23.93,2026-09-30 01:20:32.104563
5f3cdde4-e455-4b57-90bc-77f8e1767dd9,0.28,23.91,2026-09-30 01:20:32.104563
99c6fa99-9da5-403d-b7df-af884f23fe0e,0.22,23.80,2026-09-30 01:20:32.104563
273d0b74-957c-4d9e-8f80-a94b74e46cf5,0.38,23.73,2026-09-30 01:20:32.104563
5c45b9a8-7a1b-4423-a23d-fd10992b5ad7,0.23,23.68,2026-09-30 01:20:32.104563
34d16b3e-c9b4-4fac-b57d-5a7df3ac418a,0.22,23.55,2026-09-30 01:20:32.104563
6a11c85b-1bf8-43e7-a548-0113698a0466,0.21,23.30,2026-09-30 01:20:32.104563
0cba53d2-c113-4fb1-a724-50f796d834d3,0.48,23.26,2026-09-30 01:20:32.104563
6cbf9f2f-30a1-4c45-8331-af43aca75de4,0.29,23.14,2026-09-30 01:20:32.104563
736ca224-fb7b-4953-9e1d-07eb99c16853,0.37,22.78,2026-09-30 01:20:32.104563
b05430c9-bf8d-4932-b4df-1e344e26371f,0.24,22.60,2026-09-30 01:20:32.104563
c8e28208-2f7e-4e3d-a255-53515674ee18,0.39,22.53,2026-09-30 01:20:32.104563
820366a8-1fae-4fa1-91e5-966c062f3242,0.23,22.46,2026-09-30 01:20:32.104563
737a2cbe-46a4-4935-a9eb-c8bca33074fb,0.22,22.43,2026-09-30 01:20:32.104563
a5a114f7-6663-4c02-8ec8-cadb12cdbf9b,0.22,22.39,2026-09-30 01:20:32.104563
7c70fa9b-e9e4-4c6b-95b7-9ecc671c025f,0.23,22.32,2026-09-30 01:20:32.104563
d656c7ed-dae6-4d7d-ad8b-5d6d39db42ff,0.24,22.21,2026-09-30 01:20:32.104563
a4ae9882-44fe-4428-8e68-c68a72c26bc1,0.36,22.16,2026-09-30 01:20:32.104563
2190847a-8ef8-4814-99ca-faa28f1e7fa2,0.23,22.04,2026-09-30 01:20:32.104563
3f16199a-97e6-4ec6-abb1-d418036acf9d,0.22,21.91,2026-09-30 01:20:32.104563
3fc9eb24-c03e-4c9b-9380-fb3f6e64a01d,0.21,21.80,2026-09-30 01:20:32.104563
8ac437f1-d5e0-4134-87f2-05fa5c882a6e,0.24,21.78,2026-09-30 01:20:32.104563
b025b9b6-7432-41c0-84de-5e65678b640a,0.24,21.67,2026-09-30 01:20:32.104563
7184cc9b-bdd7-4d94-88d6-eaf6f0da09cc,0.32,21.53,2026-09-30 01:20:32.104563
9a7d5dec-c6e8-4171-b378-f21a81b8ba88,0.28,21.45,2026-09-30 01:20:32.104563
e14e8c08-b07d-477b-bc79-227146c0ac3f,0.39,21.44,2026-09-30 01:20:32.104563
e0554f37-6256-4378-942c-9782fbe828c0,0.25,21.25,2026-09-30 01:20:32.104563
d0cc29c5-74c1-403d-bbbf-ad48c64690a0,0.24,20.66,2026-09-30 01:20:32.104563
75707f80-2982-4313-9b84-a6a2c064a9b1,0.29,20.60,2026-09-30 01:20:32.104563
c08de5ff-db60-484a-84b4-39c634f07807,0.42,20.48,2026-09-30 01:20:32.104563
c7fd31e4-c6f9-492d-b53c-ed09907de1d5,0.22,20.47,2026-09-30 01:20:32.104563
dcbd4a3d-3dfe-4173-9ad8-26e1f95fdfd2,0.21,20.39,2026-09-30 01:20:32.104563
ea184a4b-ac1d-474c-9f6a-30c0e8a06b83,0.24,20.39,2026-09-30 01:20:32.104563
179fd70e-8b32-4fab-b900-586b855df32e,0.24,20.27,2026-09-30 01:20:32.104563
d0f2fcef-6485-4f2d-8180-4577ac82f177,0.26,20.25,2026-09-30 01:20:32.104563
7e820bd7-a556-4676-abd2-1cec08369165,0.24,20.22,2026-09-30 01:20:32.104563
7c1ee267-4285-4e8e-92b6-f3c1314ed188,0.24,20.15,2026-09-30 01:20:32.104563
d315efd7-0b0a-43b4-9371-aa4966cc4249,0.25,19.99,2026-09-30 01:20:32.104563
26fa328f-eaf0-450d-8845-5cf1d5445569,0.24,19.70,2026-09-30 01:20:32.104563
c6bd60ee-91ac-4cb5-b4f8-c503ca4dde08,0.21,19.51,2026-09-30 01:20:32.104563
66a1181a-67a1-4f6d-b34e-476bdb5b5799,0.24,19.14,2026-09-30 01:20:32.104563
e4fe3e0b-a8dd-4eec-8fdc-8182605b3b0e,0.23,18.84,2026-09-30 01:20:32.104563
6a0fce47-0d53-4102-9ef9-aa9311d6b2a7,0.23,18.83,2026-09-30 01:20:32.104563
5e5a1e6c-2384-4a2a-8e85-b10d40bb0cec,0.29,18.60,2026-09-30 01:20:32.104563
da708c6e-734a-45fb-b7de-0116f11167b1,0.24,18.19,2026-09-30 01:20:32.104563
4ebfde80-0228-444c-9190-f591e39dac13,0.22,18.19,2026-09-30 01:20:32.104563
1a1c0e78-eb24-4b75-8b16-724d53cf67c6,0.23,18.11,2026-09-30 01:20:32.104563
4abcdd64-6c3f-49f4-844b-6cafd42efac6,0.22,17.67,2026-09-30 01:20:32.104563
66dbc715-00a2-47a4-aaad-e3d57834a1dd,0.24,17.44,2026-09-30 01:20:32.104563
cafa1d87-fd09-434f-b56f-1b1e11513f30,0.22,17.14,2026-09-30 01:20:32.104563
9932d916-7196-4208-b254-aa559eeded6f,0.22,17.06,2026-09-30 01:20:32.104563
8b61aa28-c531-4410-bec4-ea7bdcb9347e,0.46,16.92,2026-09-30 01:20:32.104563
bfda7858-92cc-44c2-abf0-9dc0783cebbd,0.24,16.72,2026-09-30 01:20:32.104563
ed79d3ae-63b6-40ff-8a40-63d7c45db551,0.21,16.19,2026-09-30 01:20:32.104563
37d40ada-8f0e-4a29-aa75-84022c0b51b3,0.25,15.80,2026-09-30 01:20:32.104563
5ec068dc-a638-4659-97f6-5aa35a578bd7,0.22,15.61,2026-09-30 01:20:32.104563
7f5711ae-3f80-4cf0-8c7c-1c811cbd9499,0.24,15.57,2026-09-30 01:20:32.104563
44cda82b-3e6c-488d-94b1-bd52730e7e19,0.27,14.18,2026-09-30 01:20:32.104563
8bba052f-d9db-4f50-9f10-a091c6017424,0.23,14.08,2026-09-30 01:20:32.104563
8df56096-b362-41f4-9256-6d7be0838e46,0.22,13.79,2026-09-30 01:20:32.104563
ee2f06ae-9387-4cb8-97bf-11f15e095cc7,0.28,13.25,2026-09-30 01:20:32.104563
5ed00d48-817a-425f-8368-5c787b4d2193,0.24,13.16,2026-09-30 01:20:32.104563
58a7075c-94fd-4bff-acce-be9c337da5d1,0.22,12.97,2026-09-30 01:20:32.104563
a31ee93a-8b6e-4ee8-a929-b3855d9641e1,0.27,12.61,2026-09-30 01:20:32.104563
b50c0510-5dda-48e4-9168-ced56a49feb6,0.24,9.11,2026-09-30 01:20:32.104563
